/* CREATE DATABASE HospitalDB;
CREATE USER 'hospital_user'@'127.0.0.1' IDENTIFIED BY 'hospital_pass';
GRANT ALL ON HospitalDB.* TO 'hospital_user'@' */

 -- The user can select from any table
/* GRANT SELECT ON HospitalDB.appointments TO 'hospital_user'@'127.0.0.1';
GRANT SELECT ON HospitalDB.users TO 'hospital_user'@'127.0.0.1';
GRANT SELECT ON HospitalDB.counties TO 'hospital_user'@'127.0.0.1';
GRANT SELECT ON HospitalDB.hospitals TO 'hospital_user'@'127.0.0.1';
GRANT SELECT ON HospitalDB.medics TO 'hospital_user'@'127.0.0.1';
GRANT SELECT ON HospitalDB.hospitals_medics TO 'hospital_user'@'127.0.0.1';
GRANT SELECT ON HospitalDB.rooms TO 'hospital_user'@'127.0.0.1';
GRANT SELECT ON HospitalDB.specializations TO 'hospital_user'@'127.0.0.1'; */ */

-- The user only alter data on appointments and users
/* GRANT INSERT, DELETE, UPDATE ON HospitalDB.users TO 'hospital_user'@'127.0.0.1';
GRANT INSERT, DELETE, UPDATE ON HospitalDB.appointments TO 'hospital_user'@'127.0.0.1'; */
-- USE HospitalDB;
CREATE TABLE genders(
    gender_id INTEGER AUTO_INCREMENT,
    gender_name VARCHAR(20) NOT NULL UNIQUE,

    CONSTRAINT genders_pk PRIMARY KEY(gender_id)
);

CREATE TABLE roles(
    role_id INTEGER AUTO_INCREMENT,
    role_name VARCHAR(20) NOT NULL UNIQUE,
    
    CONSTRAINT roles_pk PRIMARY KEY(role_id)
);

CREATE TABLE users(
    user_id INTEGER AUTO_INCREMENT,
    hid VARCHAR(10) NOT NULL UNIQUE ,
    birth_date DATE NOT NULL,
    gender_id INTEGER NOT NULL,
    first_name VARCHAR(20) NOT NULL,
    last_name VARCHAR(20) NOT NULL,
    phone_number CHAR(10) NOT NULL,

    user_name VARCHAR(20) NOT NULL,
    password varchar(100) NOT NULL,
    email varchar(100) NOT NULL UNIQUE,
    role_id INTEGER NOT NULL,
    
    CONSTRAINT users_pk PRIMARY KEY(user_id),
    CONSTRAINT users_role_fk FOREIGN KEY(role_id) REFERENCES roles(role_id) ON DELETE RESTRICT,
    CONSTRAINT users_gender_fk FOREIGN KEY(gender_id) REFERENCES genders(gender_id) ON DELETE RESTRICT
);

CREATE TABLE counties(
    county_id INTEGER AUTO_INCREMENT,
    county_name VARCHAR(20) NOT NULL UNIQUE,
    
    CONSTRAINT counties_pk PRIMARY KEY(county_id) 
);

CREATE TABLE hospitals(
    hospital_id INTEGER AUTO_INCREMENT,
    county_id INTEGER UNIQUE,
    phone_number char(10) NOT NULL UNIQUE,
    
    CONSTRAINT hospital_pk PRIMARY KEY(hospital_id),

    CONSTRAINT hospital_county_fk FOREIGN KEY(county_id)
    REFERENCES counties(county_id) ON DELETE RESTRICT
);

CREATE TABLE rooms(
    room_id INTEGER,
    hospital_id INTEGER,
    
    CONSTRAINT hospital_room_pk PRIMARY KEY(room_id, hospital_id),

    CONSTRAINT hospital_room_fk FOREIGN KEY(hospital_id) 
    REFERENCES hospitals(hospital_id) ON DELETE RESTRICT
);

CREATE TABLE specializations(
    specialization_id INTEGER AUTO_INCREMENT,
    specialization_name VARCHAR(20) NOT NULL UNIQUE,
    
    CONSTRAINT specializations_pk PRIMARY KEY(specialization_id)
);

CREATE TABLE medics(
    medic_id INTEGER AUTO_INCREMENT, 
    medic_name VARCHAR(20) NOT NULL UNIQUE,
    specialization_id INTEGER,
    years_exp INTEGER NOT NULL,
    
    CONSTRAINT medic_pk PRIMARY KEY(medic_id),
    CONSTRAINT medic_spec_fk FOREIGN KEY(specialization_id) REFERENCES specializations(specialization_id) ON DELETE RESTRICT
);

CREATE TABLE hospitals_medics(
    hospital_id INTEGER,
    medic_id INTEGER,
    hire_date DATE NOT NULL,
    
    CONSTRAINT hospitals_medics_pk PRIMARY KEY(hospital_id, medic_id),

    CONSTRAINT hosp_med_hosp_fk FOREIGN KEY(hospital_id) 
    REFERENCES hospitals(hospital_id) ON DELETE RESTRICT,

    CONSTRAINT hosp_med_med_fk FOREIGN KEY(medic_id)
    REFERENCES medics(medic_id) ON DELETE RESTRICT
);
CREATE TABLE appointments(
    user_id INTEGER,
    hospital_id INTEGER,
    medic_id INTEGER,
    room_id INTEGER,
    appointment_date DATE,
    duration INTEGER NOT NULL DEFAULT 30, -- IN MINUTES
    
    CONSTRAINT appointments_pk PRIMARY KEY(room_id, user_id, hospital_id, medic_id, appointment_date),

    CONSTRAINT appointments_room_fk FOREIGN KEY(room_id, hospital_id) 
    REFERENCES rooms(room_id, hospital_id) ON DELETE RESTRICT,

    CONSTRAINT appointments_user_fk FOREIGN KEY(user_id) 
    REFERENCES users(user_id) ON DELETE RESTRICT,

    CONSTRAINT appointments_hosp_med_fk FOREIGN KEY(hospital_id, medic_id) 
    REFERENCES hospitals_medics(hospital_id, medic_id) ON DELETE RESTRICT
);

-- this table is used to keep track of the migrations that have been run
CREATE TABLE migrations (
    migration_id INTEGER AUTO_INCREMENT,
    migration_name VARCHAR(128) NOT NULL UNIQUE,
    date TIMESTAMP DEFAULT CURRENT_TIMESTAMP,

    CONSTRAINT migrations_pk PRIMARY KEY(migration_id)
);

-- Gender data
INSERT INTO genders VALUES(1, 'Woman');
INSERT INTO genders VALUES(2, 'Man');

-- Role data
INSERT INTO roles VALUES(1, 'admin');
INSERT INTO roles VALUES(2, 'user');
INSERT INTO roles VALUES(3, 'medic');
INSERT INTO roles VALUES(4, 'hospital');

-- County data
INSERT INTO counties VALUES(1, 'Bucuresti');
INSERT INTO counties VALUES(2, 'Cluj');
INSERT INTO counties VALUES(3, 'Iasi');
INSERT INTO counties VALUES(4, 'Constanta');
INSERT INTO counties VALUES(5, 'Timis');
INSERT INTO counties VALUES(6, 'Brasov');
INSERT INTO counties VALUES(7, 'Dolj');
INSERT INTO counties VALUES(8, 'Galati');
INSERT INTO counties VALUES(9, 'Bihor');
INSERT INTO counties VALUES(10, 'Prahova');
INSERT INTO counties VALUES(11, 'Braila');
INSERT INTO counties VALUES(12, 'Arad');
INSERT INTO counties VALUES(13, 'Arges');
INSERT INTO counties VALUES(14, 'Bacau');
INSERT INTO counties VALUES(15, 'Sibiu');
INSERT INTO counties VALUES(16, 'Mures');
INSERT INTO counties VALUES(17, 'Maramures');
INSERT INTO counties VALUES(18, 'Valcea');
INSERT INTO counties VALUES(19, 'Buzau');
INSERT INTO counties VALUES(20, 'Satu-Mare');
INSERT INTO counties VALUES(21, 'Botosani');
INSERT INTO counties VALUES(22, 'Suceava');
INSERT INTO counties VALUES(23, 'Mehedinti');
INSERT INTO counties VALUES(24, 'Neamt');
INSERT INTO counties VALUES(25, 'Bistrita-Nasaud');
INSERT INTO counties VALUES(26, 'Gorj');
INSERT INTO counties VALUES(27, 'Dambovita');
INSERT INTO counties VALUES(28, 'Vrancea');
INSERT INTO counties VALUES(29, 'Tulcea');
INSERT INTO counties VALUES(30, 'Alba');
INSERT INTO counties VALUES(31, 'Olt');
INSERT INTO counties VALUES(32, 'Vaslui');
INSERT INTO counties VALUES(33, 'Caras-Severin');
INSERT INTO counties VALUES(34, 'Calarasi');
INSERT INTO counties VALUES(35, 'Giurgiu');
INSERT INTO counties VALUES(36, 'Ilfov');
INSERT INTO counties VALUES(37, 'Hunedoara');
INSERT INTO counties VALUES(38, 'Salaj');
INSERT INTO counties VALUES(39, 'Covasna');
INSERT INTO counties VALUES(40, 'Ialomita');
INSERT INTO counties VALUES(41, 'Teleorman');
INSERT INTO counties VALUES(42, 'Harghita');
INSERT INTO counties VALUES(43, 'Silvaniei');


-- Hospital data
INSERT INTO hospitals VALUES(1, 8, '0218713860');
INSERT INTO hospitals VALUES(2, 19, '0362952363');
INSERT INTO hospitals VALUES(3, 29, '0786537062');
INSERT INTO hospitals VALUES(4, 15, '0255249892');
INSERT INTO hospitals VALUES(5, 6, '0351066109');
INSERT INTO hospitals VALUES(6, 18, '0343493137');
INSERT INTO hospitals VALUES(7, 20, '0244733078');
INSERT INTO hospitals VALUES(8, 37, '0333702965');
INSERT INTO hospitals VALUES(9, 22, '0727218940');
INSERT INTO hospitals VALUES(10, 12, '0722489006');
INSERT INTO hospitals VALUES(11, 16, '0230939649');
INSERT INTO hospitals VALUES(12, 25, '0319926281');
INSERT INTO hospitals VALUES(13, 41, '0788577476');
INSERT INTO hospitals VALUES(14, 35, '0720730271');
INSERT INTO hospitals VALUES(15, 33, '0753948357');
INSERT INTO hospitals VALUES(16, 2, '0709057455');
INSERT INTO hospitals VALUES(17, 17, '0350265103');
INSERT INTO hospitals VALUES(18, 13, '0341225495');
INSERT INTO hospitals VALUES(19, 27, '0796987283');
INSERT INTO hospitals VALUES(20, 26, '0373611173');
INSERT INTO hospitals VALUES(21, 7, '0704764907');
INSERT INTO hospitals VALUES(22, 31, '0787618132');
INSERT INTO hospitals VALUES(23, 34, '0799829771');
INSERT INTO hospitals VALUES(24, 1, '0710209832');
INSERT INTO hospitals VALUES(25, 28, '0768620905');
INSERT INTO hospitals VALUES(26, 23, '0760399051');
INSERT INTO hospitals VALUES(27, 4, '0272193630');
INSERT INTO hospitals VALUES(28, 39, '0237889359');
INSERT INTO hospitals VALUES(29, 36, '0798270923');
INSERT INTO hospitals VALUES(30, 24, '0717168354');
INSERT INTO hospitals VALUES(31, 11, '0331717107');
INSERT INTO hospitals VALUES(32, 3, '0710597765');
INSERT INTO hospitals VALUES(33, 43, '0366934728');
INSERT INTO hospitals VALUES(34, 40, '0769522969');
INSERT INTO hospitals VALUES(35, 38, '0245401643');
INSERT INTO hospitals VALUES(36, 9, '0365956302');
INSERT INTO hospitals VALUES(37, 14, '0360661458');
INSERT INTO hospitals VALUES(38, 5, '0730943607');
INSERT INTO hospitals VALUES(39, 32, '0262366920');
INSERT INTO hospitals VALUES(40, 10, '0352746532');
INSERT INTO hospitals VALUES(41, 21, '0737247928');
INSERT INTO hospitals VALUES(42, 42, '0781229781');
INSERT INTO hospitals VALUES(43, 30, '0311628194');

-- Room data
INSERT INTO rooms VALUES(1, 1);
INSERT INTO rooms VALUES(2, 1);
INSERT INTO rooms VALUES(3, 1);
INSERT INTO rooms VALUES(4, 1);
INSERT INTO rooms VALUES(5, 1);
INSERT INTO rooms VALUES(6, 1);
INSERT INTO rooms VALUES(7, 1);
INSERT INTO rooms VALUES(8, 1);
INSERT INTO rooms VALUES(9, 1);
INSERT INTO rooms VALUES(10, 1);
INSERT INTO rooms VALUES(11, 1);
INSERT INTO rooms VALUES(12, 1);
INSERT INTO rooms VALUES(13, 1);
INSERT INTO rooms VALUES(14, 1);
INSERT INTO rooms VALUES(15, 1);
INSERT INTO rooms VALUES(16, 1);
INSERT INTO rooms VALUES(17, 1);
INSERT INTO rooms VALUES(18, 1);
INSERT INTO rooms VALUES(19, 1);
INSERT INTO rooms VALUES(20, 1);
INSERT INTO rooms VALUES(21, 1);
INSERT INTO rooms VALUES(22, 1);
INSERT INTO rooms VALUES(23, 1);
INSERT INTO rooms VALUES(24, 1);
INSERT INTO rooms VALUES(25, 1);
INSERT INTO rooms VALUES(26, 1);
INSERT INTO rooms VALUES(27, 1);
INSERT INTO rooms VALUES(28, 1);
INSERT INTO rooms VALUES(29, 1);
INSERT INTO rooms VALUES(30, 1);
INSERT INTO rooms VALUES(1, 2);
INSERT INTO rooms VALUES(2, 2);
INSERT INTO rooms VALUES(3, 2);
INSERT INTO rooms VALUES(4, 2);
INSERT INTO rooms VALUES(5, 2);
INSERT INTO rooms VALUES(6, 2);
INSERT INTO rooms VALUES(7, 2);
INSERT INTO rooms VALUES(8, 2);
INSERT INTO rooms VALUES(9, 2);
INSERT INTO rooms VALUES(10, 2);
INSERT INTO rooms VALUES(11, 2);
INSERT INTO rooms VALUES(12, 2);
INSERT INTO rooms VALUES(13, 2);
INSERT INTO rooms VALUES(14, 2);
INSERT INTO rooms VALUES(15, 2);
INSERT INTO rooms VALUES(16, 2);
INSERT INTO rooms VALUES(17, 2);
INSERT INTO rooms VALUES(18, 2);
INSERT INTO rooms VALUES(19, 2);
INSERT INTO rooms VALUES(20, 2);
INSERT INTO rooms VALUES(21, 2);
INSERT INTO rooms VALUES(22, 2);
INSERT INTO rooms VALUES(23, 2);
INSERT INTO rooms VALUES(24, 2);
INSERT INTO rooms VALUES(25, 2);
INSERT INTO rooms VALUES(26, 2);
INSERT INTO rooms VALUES(27, 2);
INSERT INTO rooms VALUES(28, 2);
INSERT INTO rooms VALUES(29, 2);
INSERT INTO rooms VALUES(30, 2);
INSERT INTO rooms VALUES(1, 3);
INSERT INTO rooms VALUES(2, 3);
INSERT INTO rooms VALUES(3, 3);
INSERT INTO rooms VALUES(4, 3);
INSERT INTO rooms VALUES(5, 3);
INSERT INTO rooms VALUES(6, 3);
INSERT INTO rooms VALUES(7, 3);
INSERT INTO rooms VALUES(8, 3);
INSERT INTO rooms VALUES(9, 3);
INSERT INTO rooms VALUES(10, 3);
INSERT INTO rooms VALUES(11, 3);
INSERT INTO rooms VALUES(12, 3);
INSERT INTO rooms VALUES(13, 3);
INSERT INTO rooms VALUES(14, 3);
INSERT INTO rooms VALUES(15, 3);
INSERT INTO rooms VALUES(16, 3);
INSERT INTO rooms VALUES(17, 3);
INSERT INTO rooms VALUES(18, 3);
INSERT INTO rooms VALUES(19, 3);
INSERT INTO rooms VALUES(20, 3);
INSERT INTO rooms VALUES(21, 3);
INSERT INTO rooms VALUES(22, 3);
INSERT INTO rooms VALUES(23, 3);
INSERT INTO rooms VALUES(24, 3);
INSERT INTO rooms VALUES(25, 3);
INSERT INTO rooms VALUES(26, 3);
INSERT INTO rooms VALUES(27, 3);
INSERT INTO rooms VALUES(28, 3);
INSERT INTO rooms VALUES(29, 3);
INSERT INTO rooms VALUES(30, 3);
INSERT INTO rooms VALUES(1, 4);
INSERT INTO rooms VALUES(2, 4);
INSERT INTO rooms VALUES(3, 4);
INSERT INTO rooms VALUES(4, 4);
INSERT INTO rooms VALUES(5, 4);
INSERT INTO rooms VALUES(6, 4);
INSERT INTO rooms VALUES(7, 4);
INSERT INTO rooms VALUES(8, 4);
INSERT INTO rooms VALUES(9, 4);
INSERT INTO rooms VALUES(10, 4);
INSERT INTO rooms VALUES(11, 4);
INSERT INTO rooms VALUES(12, 4);
INSERT INTO rooms VALUES(13, 4);
INSERT INTO rooms VALUES(14, 4);
INSERT INTO rooms VALUES(15, 4);
INSERT INTO rooms VALUES(16, 4);
INSERT INTO rooms VALUES(17, 4);
INSERT INTO rooms VALUES(18, 4);
INSERT INTO rooms VALUES(19, 4);
INSERT INTO rooms VALUES(20, 4);
INSERT INTO rooms VALUES(21, 4);
INSERT INTO rooms VALUES(22, 4);
INSERT INTO rooms VALUES(23, 4);
INSERT INTO rooms VALUES(24, 4);
INSERT INTO rooms VALUES(25, 4);
INSERT INTO rooms VALUES(26, 4);
INSERT INTO rooms VALUES(27, 4);
INSERT INTO rooms VALUES(28, 4);
INSERT INTO rooms VALUES(29, 4);
INSERT INTO rooms VALUES(30, 4);
INSERT INTO rooms VALUES(1, 5);
INSERT INTO rooms VALUES(2, 5);
INSERT INTO rooms VALUES(3, 5);
INSERT INTO rooms VALUES(4, 5);
INSERT INTO rooms VALUES(5, 5);
INSERT INTO rooms VALUES(6, 5);
INSERT INTO rooms VALUES(7, 5);
INSERT INTO rooms VALUES(8, 5);
INSERT INTO rooms VALUES(9, 5);
INSERT INTO rooms VALUES(10, 5);
INSERT INTO rooms VALUES(11, 5);
INSERT INTO rooms VALUES(12, 5);
INSERT INTO rooms VALUES(13, 5);
INSERT INTO rooms VALUES(14, 5);
INSERT INTO rooms VALUES(15, 5);
INSERT INTO rooms VALUES(16, 5);
INSERT INTO rooms VALUES(17, 5);
INSERT INTO rooms VALUES(18, 5);
INSERT INTO rooms VALUES(19, 5);
INSERT INTO rooms VALUES(20, 5);
INSERT INTO rooms VALUES(21, 5);
INSERT INTO rooms VALUES(22, 5);
INSERT INTO rooms VALUES(23, 5);
INSERT INTO rooms VALUES(24, 5);
INSERT INTO rooms VALUES(25, 5);
INSERT INTO rooms VALUES(26, 5);
INSERT INTO rooms VALUES(27, 5);
INSERT INTO rooms VALUES(28, 5);
INSERT INTO rooms VALUES(29, 5);
INSERT INTO rooms VALUES(30, 5);
INSERT INTO rooms VALUES(1, 6);
INSERT INTO rooms VALUES(2, 6);
INSERT INTO rooms VALUES(3, 6);
INSERT INTO rooms VALUES(4, 6);
INSERT INTO rooms VALUES(5, 6);
INSERT INTO rooms VALUES(6, 6);
INSERT INTO rooms VALUES(7, 6);
INSERT INTO rooms VALUES(8, 6);
INSERT INTO rooms VALUES(9, 6);
INSERT INTO rooms VALUES(10, 6);
INSERT INTO rooms VALUES(11, 6);
INSERT INTO rooms VALUES(12, 6);
INSERT INTO rooms VALUES(13, 6);
INSERT INTO rooms VALUES(14, 6);
INSERT INTO rooms VALUES(15, 6);
INSERT INTO rooms VALUES(16, 6);
INSERT INTO rooms VALUES(17, 6);
INSERT INTO rooms VALUES(18, 6);
INSERT INTO rooms VALUES(19, 6);
INSERT INTO rooms VALUES(20, 6);
INSERT INTO rooms VALUES(21, 6);
INSERT INTO rooms VALUES(22, 6);
INSERT INTO rooms VALUES(23, 6);
INSERT INTO rooms VALUES(24, 6);
INSERT INTO rooms VALUES(25, 6);
INSERT INTO rooms VALUES(26, 6);
INSERT INTO rooms VALUES(27, 6);
INSERT INTO rooms VALUES(28, 6);
INSERT INTO rooms VALUES(29, 6);
INSERT INTO rooms VALUES(30, 6);
INSERT INTO rooms VALUES(1, 7);
INSERT INTO rooms VALUES(2, 7);
INSERT INTO rooms VALUES(3, 7);
INSERT INTO rooms VALUES(4, 7);
INSERT INTO rooms VALUES(5, 7);
INSERT INTO rooms VALUES(6, 7);
INSERT INTO rooms VALUES(7, 7);
INSERT INTO rooms VALUES(8, 7);
INSERT INTO rooms VALUES(9, 7);
INSERT INTO rooms VALUES(10, 7);
INSERT INTO rooms VALUES(11, 7);
INSERT INTO rooms VALUES(12, 7);
INSERT INTO rooms VALUES(13, 7);
INSERT INTO rooms VALUES(14, 7);
INSERT INTO rooms VALUES(15, 7);
INSERT INTO rooms VALUES(16, 7);
INSERT INTO rooms VALUES(17, 7);
INSERT INTO rooms VALUES(18, 7);
INSERT INTO rooms VALUES(19, 7);
INSERT INTO rooms VALUES(20, 7);
INSERT INTO rooms VALUES(21, 7);
INSERT INTO rooms VALUES(22, 7);
INSERT INTO rooms VALUES(23, 7);
INSERT INTO rooms VALUES(24, 7);
INSERT INTO rooms VALUES(25, 7);
INSERT INTO rooms VALUES(26, 7);
INSERT INTO rooms VALUES(27, 7);
INSERT INTO rooms VALUES(28, 7);
INSERT INTO rooms VALUES(29, 7);
INSERT INTO rooms VALUES(30, 7);
INSERT INTO rooms VALUES(1, 8);
INSERT INTO rooms VALUES(2, 8);
INSERT INTO rooms VALUES(3, 8);
INSERT INTO rooms VALUES(4, 8);
INSERT INTO rooms VALUES(5, 8);
INSERT INTO rooms VALUES(6, 8);
INSERT INTO rooms VALUES(7, 8);
INSERT INTO rooms VALUES(8, 8);
INSERT INTO rooms VALUES(9, 8);
INSERT INTO rooms VALUES(10, 8);
INSERT INTO rooms VALUES(11, 8);
INSERT INTO rooms VALUES(12, 8);
INSERT INTO rooms VALUES(13, 8);
INSERT INTO rooms VALUES(14, 8);
INSERT INTO rooms VALUES(15, 8);
INSERT INTO rooms VALUES(16, 8);
INSERT INTO rooms VALUES(17, 8);
INSERT INTO rooms VALUES(18, 8);
INSERT INTO rooms VALUES(19, 8);
INSERT INTO rooms VALUES(20, 8);
INSERT INTO rooms VALUES(21, 8);
INSERT INTO rooms VALUES(22, 8);
INSERT INTO rooms VALUES(23, 8);
INSERT INTO rooms VALUES(24, 8);
INSERT INTO rooms VALUES(25, 8);
INSERT INTO rooms VALUES(26, 8);
INSERT INTO rooms VALUES(27, 8);
INSERT INTO rooms VALUES(28, 8);
INSERT INTO rooms VALUES(29, 8);
INSERT INTO rooms VALUES(30, 8);
INSERT INTO rooms VALUES(1, 9);
INSERT INTO rooms VALUES(2, 9);
INSERT INTO rooms VALUES(3, 9);
INSERT INTO rooms VALUES(4, 9);
INSERT INTO rooms VALUES(5, 9);
INSERT INTO rooms VALUES(6, 9);
INSERT INTO rooms VALUES(7, 9);
INSERT INTO rooms VALUES(8, 9);
INSERT INTO rooms VALUES(9, 9);
INSERT INTO rooms VALUES(10, 9);
INSERT INTO rooms VALUES(11, 9);
INSERT INTO rooms VALUES(12, 9);
INSERT INTO rooms VALUES(13, 9);
INSERT INTO rooms VALUES(14, 9);
INSERT INTO rooms VALUES(15, 9);
INSERT INTO rooms VALUES(16, 9);
INSERT INTO rooms VALUES(17, 9);
INSERT INTO rooms VALUES(18, 9);
INSERT INTO rooms VALUES(19, 9);
INSERT INTO rooms VALUES(20, 9);
INSERT INTO rooms VALUES(21, 9);
INSERT INTO rooms VALUES(22, 9);
INSERT INTO rooms VALUES(23, 9);
INSERT INTO rooms VALUES(24, 9);
INSERT INTO rooms VALUES(25, 9);
INSERT INTO rooms VALUES(26, 9);
INSERT INTO rooms VALUES(27, 9);
INSERT INTO rooms VALUES(28, 9);
INSERT INTO rooms VALUES(29, 9);
INSERT INTO rooms VALUES(30, 9);
INSERT INTO rooms VALUES(1, 10);
INSERT INTO rooms VALUES(2, 10);
INSERT INTO rooms VALUES(3, 10);
INSERT INTO rooms VALUES(4, 10);
INSERT INTO rooms VALUES(5, 10);
INSERT INTO rooms VALUES(6, 10);
INSERT INTO rooms VALUES(7, 10);
INSERT INTO rooms VALUES(8, 10);
INSERT INTO rooms VALUES(9, 10);
INSERT INTO rooms VALUES(10, 10);
INSERT INTO rooms VALUES(11, 10);
INSERT INTO rooms VALUES(12, 10);
INSERT INTO rooms VALUES(13, 10);
INSERT INTO rooms VALUES(14, 10);
INSERT INTO rooms VALUES(15, 10);
INSERT INTO rooms VALUES(16, 10);
INSERT INTO rooms VALUES(17, 10);
INSERT INTO rooms VALUES(18, 10);
INSERT INTO rooms VALUES(19, 10);
INSERT INTO rooms VALUES(20, 10);
INSERT INTO rooms VALUES(21, 10);
INSERT INTO rooms VALUES(22, 10);
INSERT INTO rooms VALUES(23, 10);
INSERT INTO rooms VALUES(24, 10);
INSERT INTO rooms VALUES(25, 10);
INSERT INTO rooms VALUES(26, 10);
INSERT INTO rooms VALUES(27, 10);
INSERT INTO rooms VALUES(28, 10);
INSERT INTO rooms VALUES(29, 10);
INSERT INTO rooms VALUES(30, 10);
INSERT INTO rooms VALUES(1, 11);
INSERT INTO rooms VALUES(2, 11);
INSERT INTO rooms VALUES(3, 11);
INSERT INTO rooms VALUES(4, 11);
INSERT INTO rooms VALUES(5, 11);
INSERT INTO rooms VALUES(6, 11);
INSERT INTO rooms VALUES(7, 11);
INSERT INTO rooms VALUES(8, 11);
INSERT INTO rooms VALUES(9, 11);
INSERT INTO rooms VALUES(10, 11);
INSERT INTO rooms VALUES(11, 11);
INSERT INTO rooms VALUES(12, 11);
INSERT INTO rooms VALUES(13, 11);
INSERT INTO rooms VALUES(14, 11);
INSERT INTO rooms VALUES(15, 11);
INSERT INTO rooms VALUES(16, 11);
INSERT INTO rooms VALUES(17, 11);
INSERT INTO rooms VALUES(18, 11);
INSERT INTO rooms VALUES(19, 11);
INSERT INTO rooms VALUES(20, 11);
INSERT INTO rooms VALUES(21, 11);
INSERT INTO rooms VALUES(22, 11);
INSERT INTO rooms VALUES(23, 11);
INSERT INTO rooms VALUES(24, 11);
INSERT INTO rooms VALUES(25, 11);
INSERT INTO rooms VALUES(26, 11);
INSERT INTO rooms VALUES(27, 11);
INSERT INTO rooms VALUES(28, 11);
INSERT INTO rooms VALUES(29, 11);
INSERT INTO rooms VALUES(30, 11);
INSERT INTO rooms VALUES(1, 12);
INSERT INTO rooms VALUES(2, 12);
INSERT INTO rooms VALUES(3, 12);
INSERT INTO rooms VALUES(4, 12);
INSERT INTO rooms VALUES(5, 12);
INSERT INTO rooms VALUES(6, 12);
INSERT INTO rooms VALUES(7, 12);
INSERT INTO rooms VALUES(8, 12);
INSERT INTO rooms VALUES(9, 12);
INSERT INTO rooms VALUES(10, 12);
INSERT INTO rooms VALUES(11, 12);
INSERT INTO rooms VALUES(12, 12);
INSERT INTO rooms VALUES(13, 12);
INSERT INTO rooms VALUES(14, 12);
INSERT INTO rooms VALUES(15, 12);
INSERT INTO rooms VALUES(16, 12);
INSERT INTO rooms VALUES(17, 12);
INSERT INTO rooms VALUES(18, 12);
INSERT INTO rooms VALUES(19, 12);
INSERT INTO rooms VALUES(20, 12);
INSERT INTO rooms VALUES(21, 12);
INSERT INTO rooms VALUES(22, 12);
INSERT INTO rooms VALUES(23, 12);
INSERT INTO rooms VALUES(24, 12);
INSERT INTO rooms VALUES(25, 12);
INSERT INTO rooms VALUES(26, 12);
INSERT INTO rooms VALUES(27, 12);
INSERT INTO rooms VALUES(28, 12);
INSERT INTO rooms VALUES(29, 12);
INSERT INTO rooms VALUES(30, 12);
INSERT INTO rooms VALUES(1, 13);
INSERT INTO rooms VALUES(2, 13);
INSERT INTO rooms VALUES(3, 13);
INSERT INTO rooms VALUES(4, 13);
INSERT INTO rooms VALUES(5, 13);
INSERT INTO rooms VALUES(6, 13);
INSERT INTO rooms VALUES(7, 13);
INSERT INTO rooms VALUES(8, 13);
INSERT INTO rooms VALUES(9, 13);
INSERT INTO rooms VALUES(10, 13);
INSERT INTO rooms VALUES(11, 13);
INSERT INTO rooms VALUES(12, 13);
INSERT INTO rooms VALUES(13, 13);
INSERT INTO rooms VALUES(14, 13);
INSERT INTO rooms VALUES(15, 13);
INSERT INTO rooms VALUES(16, 13);
INSERT INTO rooms VALUES(17, 13);
INSERT INTO rooms VALUES(18, 13);
INSERT INTO rooms VALUES(19, 13);
INSERT INTO rooms VALUES(20, 13);
INSERT INTO rooms VALUES(21, 13);
INSERT INTO rooms VALUES(22, 13);
INSERT INTO rooms VALUES(23, 13);
INSERT INTO rooms VALUES(24, 13);
INSERT INTO rooms VALUES(25, 13);
INSERT INTO rooms VALUES(26, 13);
INSERT INTO rooms VALUES(27, 13);
INSERT INTO rooms VALUES(28, 13);
INSERT INTO rooms VALUES(29, 13);
INSERT INTO rooms VALUES(30, 13);
INSERT INTO rooms VALUES(1, 14);
INSERT INTO rooms VALUES(2, 14);
INSERT INTO rooms VALUES(3, 14);
INSERT INTO rooms VALUES(4, 14);
INSERT INTO rooms VALUES(5, 14);
INSERT INTO rooms VALUES(6, 14);
INSERT INTO rooms VALUES(7, 14);
INSERT INTO rooms VALUES(8, 14);
INSERT INTO rooms VALUES(9, 14);
INSERT INTO rooms VALUES(10, 14);
INSERT INTO rooms VALUES(11, 14);
INSERT INTO rooms VALUES(12, 14);
INSERT INTO rooms VALUES(13, 14);
INSERT INTO rooms VALUES(14, 14);
INSERT INTO rooms VALUES(15, 14);
INSERT INTO rooms VALUES(16, 14);
INSERT INTO rooms VALUES(17, 14);
INSERT INTO rooms VALUES(18, 14);
INSERT INTO rooms VALUES(19, 14);
INSERT INTO rooms VALUES(20, 14);
INSERT INTO rooms VALUES(21, 14);
INSERT INTO rooms VALUES(22, 14);
INSERT INTO rooms VALUES(23, 14);
INSERT INTO rooms VALUES(24, 14);
INSERT INTO rooms VALUES(25, 14);
INSERT INTO rooms VALUES(26, 14);
INSERT INTO rooms VALUES(27, 14);
INSERT INTO rooms VALUES(28, 14);
INSERT INTO rooms VALUES(29, 14);
INSERT INTO rooms VALUES(30, 14);
INSERT INTO rooms VALUES(1, 15);
INSERT INTO rooms VALUES(2, 15);
INSERT INTO rooms VALUES(3, 15);
INSERT INTO rooms VALUES(4, 15);
INSERT INTO rooms VALUES(5, 15);
INSERT INTO rooms VALUES(6, 15);
INSERT INTO rooms VALUES(7, 15);
INSERT INTO rooms VALUES(8, 15);
INSERT INTO rooms VALUES(9, 15);
INSERT INTO rooms VALUES(10, 15);
INSERT INTO rooms VALUES(11, 15);
INSERT INTO rooms VALUES(12, 15);
INSERT INTO rooms VALUES(13, 15);
INSERT INTO rooms VALUES(14, 15);
INSERT INTO rooms VALUES(15, 15);
INSERT INTO rooms VALUES(16, 15);
INSERT INTO rooms VALUES(17, 15);
INSERT INTO rooms VALUES(18, 15);
INSERT INTO rooms VALUES(19, 15);
INSERT INTO rooms VALUES(20, 15);
INSERT INTO rooms VALUES(21, 15);
INSERT INTO rooms VALUES(22, 15);
INSERT INTO rooms VALUES(23, 15);
INSERT INTO rooms VALUES(24, 15);
INSERT INTO rooms VALUES(25, 15);
INSERT INTO rooms VALUES(26, 15);
INSERT INTO rooms VALUES(27, 15);
INSERT INTO rooms VALUES(28, 15);
INSERT INTO rooms VALUES(29, 15);
INSERT INTO rooms VALUES(30, 15);
INSERT INTO rooms VALUES(1, 16);
INSERT INTO rooms VALUES(2, 16);
INSERT INTO rooms VALUES(3, 16);
INSERT INTO rooms VALUES(4, 16);
INSERT INTO rooms VALUES(5, 16);
INSERT INTO rooms VALUES(6, 16);
INSERT INTO rooms VALUES(7, 16);
INSERT INTO rooms VALUES(8, 16);
INSERT INTO rooms VALUES(9, 16);
INSERT INTO rooms VALUES(10, 16);
INSERT INTO rooms VALUES(11, 16);
INSERT INTO rooms VALUES(12, 16);
INSERT INTO rooms VALUES(13, 16);
INSERT INTO rooms VALUES(14, 16);
INSERT INTO rooms VALUES(15, 16);
INSERT INTO rooms VALUES(16, 16);
INSERT INTO rooms VALUES(17, 16);
INSERT INTO rooms VALUES(18, 16);
INSERT INTO rooms VALUES(19, 16);
INSERT INTO rooms VALUES(20, 16);
INSERT INTO rooms VALUES(21, 16);
INSERT INTO rooms VALUES(22, 16);
INSERT INTO rooms VALUES(23, 16);
INSERT INTO rooms VALUES(24, 16);
INSERT INTO rooms VALUES(25, 16);
INSERT INTO rooms VALUES(26, 16);
INSERT INTO rooms VALUES(27, 16);
INSERT INTO rooms VALUES(28, 16);
INSERT INTO rooms VALUES(29, 16);
INSERT INTO rooms VALUES(30, 16);
INSERT INTO rooms VALUES(1, 17);
INSERT INTO rooms VALUES(2, 17);
INSERT INTO rooms VALUES(3, 17);
INSERT INTO rooms VALUES(4, 17);
INSERT INTO rooms VALUES(5, 17);
INSERT INTO rooms VALUES(6, 17);
INSERT INTO rooms VALUES(7, 17);
INSERT INTO rooms VALUES(8, 17);
INSERT INTO rooms VALUES(9, 17);
INSERT INTO rooms VALUES(10, 17);
INSERT INTO rooms VALUES(11, 17);
INSERT INTO rooms VALUES(12, 17);
INSERT INTO rooms VALUES(13, 17);
INSERT INTO rooms VALUES(14, 17);
INSERT INTO rooms VALUES(15, 17);
INSERT INTO rooms VALUES(16, 17);
INSERT INTO rooms VALUES(17, 17);
INSERT INTO rooms VALUES(18, 17);
INSERT INTO rooms VALUES(19, 17);
INSERT INTO rooms VALUES(20, 17);
INSERT INTO rooms VALUES(21, 17);
INSERT INTO rooms VALUES(22, 17);
INSERT INTO rooms VALUES(23, 17);
INSERT INTO rooms VALUES(24, 17);
INSERT INTO rooms VALUES(25, 17);
INSERT INTO rooms VALUES(26, 17);
INSERT INTO rooms VALUES(27, 17);
INSERT INTO rooms VALUES(28, 17);
INSERT INTO rooms VALUES(29, 17);
INSERT INTO rooms VALUES(30, 17);
INSERT INTO rooms VALUES(1, 18);
INSERT INTO rooms VALUES(2, 18);
INSERT INTO rooms VALUES(3, 18);
INSERT INTO rooms VALUES(4, 18);
INSERT INTO rooms VALUES(5, 18);
INSERT INTO rooms VALUES(6, 18);
INSERT INTO rooms VALUES(7, 18);
INSERT INTO rooms VALUES(8, 18);
INSERT INTO rooms VALUES(9, 18);
INSERT INTO rooms VALUES(10, 18);
INSERT INTO rooms VALUES(11, 18);
INSERT INTO rooms VALUES(12, 18);
INSERT INTO rooms VALUES(13, 18);
INSERT INTO rooms VALUES(14, 18);
INSERT INTO rooms VALUES(15, 18);
INSERT INTO rooms VALUES(16, 18);
INSERT INTO rooms VALUES(17, 18);
INSERT INTO rooms VALUES(18, 18);
INSERT INTO rooms VALUES(19, 18);
INSERT INTO rooms VALUES(20, 18);
INSERT INTO rooms VALUES(21, 18);
INSERT INTO rooms VALUES(22, 18);
INSERT INTO rooms VALUES(23, 18);
INSERT INTO rooms VALUES(24, 18);
INSERT INTO rooms VALUES(25, 18);
INSERT INTO rooms VALUES(26, 18);
INSERT INTO rooms VALUES(27, 18);
INSERT INTO rooms VALUES(28, 18);
INSERT INTO rooms VALUES(29, 18);
INSERT INTO rooms VALUES(30, 18);
INSERT INTO rooms VALUES(1, 19);
INSERT INTO rooms VALUES(2, 19);
INSERT INTO rooms VALUES(3, 19);
INSERT INTO rooms VALUES(4, 19);
INSERT INTO rooms VALUES(5, 19);
INSERT INTO rooms VALUES(6, 19);
INSERT INTO rooms VALUES(7, 19);
INSERT INTO rooms VALUES(8, 19);
INSERT INTO rooms VALUES(9, 19);
INSERT INTO rooms VALUES(10, 19);
INSERT INTO rooms VALUES(11, 19);
INSERT INTO rooms VALUES(12, 19);
INSERT INTO rooms VALUES(13, 19);
INSERT INTO rooms VALUES(14, 19);
INSERT INTO rooms VALUES(15, 19);
INSERT INTO rooms VALUES(16, 19);
INSERT INTO rooms VALUES(17, 19);
INSERT INTO rooms VALUES(18, 19);
INSERT INTO rooms VALUES(19, 19);
INSERT INTO rooms VALUES(20, 19);
INSERT INTO rooms VALUES(21, 19);
INSERT INTO rooms VALUES(22, 19);
INSERT INTO rooms VALUES(23, 19);
INSERT INTO rooms VALUES(24, 19);
INSERT INTO rooms VALUES(25, 19);
INSERT INTO rooms VALUES(26, 19);
INSERT INTO rooms VALUES(27, 19);
INSERT INTO rooms VALUES(28, 19);
INSERT INTO rooms VALUES(29, 19);
INSERT INTO rooms VALUES(30, 19);
INSERT INTO rooms VALUES(1, 20);
INSERT INTO rooms VALUES(2, 20);
INSERT INTO rooms VALUES(3, 20);
INSERT INTO rooms VALUES(4, 20);
INSERT INTO rooms VALUES(5, 20);
INSERT INTO rooms VALUES(6, 20);
INSERT INTO rooms VALUES(7, 20);
INSERT INTO rooms VALUES(8, 20);
INSERT INTO rooms VALUES(9, 20);
INSERT INTO rooms VALUES(10, 20);
INSERT INTO rooms VALUES(11, 20);
INSERT INTO rooms VALUES(12, 20);
INSERT INTO rooms VALUES(13, 20);
INSERT INTO rooms VALUES(14, 20);
INSERT INTO rooms VALUES(15, 20);
INSERT INTO rooms VALUES(16, 20);
INSERT INTO rooms VALUES(17, 20);
INSERT INTO rooms VALUES(18, 20);
INSERT INTO rooms VALUES(19, 20);
INSERT INTO rooms VALUES(20, 20);
INSERT INTO rooms VALUES(21, 20);
INSERT INTO rooms VALUES(22, 20);
INSERT INTO rooms VALUES(23, 20);
INSERT INTO rooms VALUES(24, 20);
INSERT INTO rooms VALUES(25, 20);
INSERT INTO rooms VALUES(26, 20);
INSERT INTO rooms VALUES(27, 20);
INSERT INTO rooms VALUES(28, 20);
INSERT INTO rooms VALUES(29, 20);
INSERT INTO rooms VALUES(30, 20);
INSERT INTO rooms VALUES(1, 21);
INSERT INTO rooms VALUES(2, 21);
INSERT INTO rooms VALUES(3, 21);
INSERT INTO rooms VALUES(4, 21);
INSERT INTO rooms VALUES(5, 21);
INSERT INTO rooms VALUES(6, 21);
INSERT INTO rooms VALUES(7, 21);
INSERT INTO rooms VALUES(8, 21);
INSERT INTO rooms VALUES(9, 21);
INSERT INTO rooms VALUES(10, 21);
INSERT INTO rooms VALUES(11, 21);
INSERT INTO rooms VALUES(12, 21);
INSERT INTO rooms VALUES(13, 21);
INSERT INTO rooms VALUES(14, 21);
INSERT INTO rooms VALUES(15, 21);
INSERT INTO rooms VALUES(16, 21);
INSERT INTO rooms VALUES(17, 21);
INSERT INTO rooms VALUES(18, 21);
INSERT INTO rooms VALUES(19, 21);
INSERT INTO rooms VALUES(20, 21);
INSERT INTO rooms VALUES(21, 21);
INSERT INTO rooms VALUES(22, 21);
INSERT INTO rooms VALUES(23, 21);
INSERT INTO rooms VALUES(24, 21);
INSERT INTO rooms VALUES(25, 21);
INSERT INTO rooms VALUES(26, 21);
INSERT INTO rooms VALUES(27, 21);
INSERT INTO rooms VALUES(28, 21);
INSERT INTO rooms VALUES(29, 21);
INSERT INTO rooms VALUES(30, 21);
INSERT INTO rooms VALUES(1, 22);
INSERT INTO rooms VALUES(2, 22);
INSERT INTO rooms VALUES(3, 22);
INSERT INTO rooms VALUES(4, 22);
INSERT INTO rooms VALUES(5, 22);
INSERT INTO rooms VALUES(6, 22);
INSERT INTO rooms VALUES(7, 22);
INSERT INTO rooms VALUES(8, 22);
INSERT INTO rooms VALUES(9, 22);
INSERT INTO rooms VALUES(10, 22);
INSERT INTO rooms VALUES(11, 22);
INSERT INTO rooms VALUES(12, 22);
INSERT INTO rooms VALUES(13, 22);
INSERT INTO rooms VALUES(14, 22);
INSERT INTO rooms VALUES(15, 22);
INSERT INTO rooms VALUES(16, 22);
INSERT INTO rooms VALUES(17, 22);
INSERT INTO rooms VALUES(18, 22);
INSERT INTO rooms VALUES(19, 22);
INSERT INTO rooms VALUES(20, 22);
INSERT INTO rooms VALUES(21, 22);
INSERT INTO rooms VALUES(22, 22);
INSERT INTO rooms VALUES(23, 22);
INSERT INTO rooms VALUES(24, 22);
INSERT INTO rooms VALUES(25, 22);
INSERT INTO rooms VALUES(26, 22);
INSERT INTO rooms VALUES(27, 22);
INSERT INTO rooms VALUES(28, 22);
INSERT INTO rooms VALUES(29, 22);
INSERT INTO rooms VALUES(30, 22);
INSERT INTO rooms VALUES(1, 23);
INSERT INTO rooms VALUES(2, 23);
INSERT INTO rooms VALUES(3, 23);
INSERT INTO rooms VALUES(4, 23);
INSERT INTO rooms VALUES(5, 23);
INSERT INTO rooms VALUES(6, 23);
INSERT INTO rooms VALUES(7, 23);
INSERT INTO rooms VALUES(8, 23);
INSERT INTO rooms VALUES(9, 23);
INSERT INTO rooms VALUES(10, 23);
INSERT INTO rooms VALUES(11, 23);
INSERT INTO rooms VALUES(12, 23);
INSERT INTO rooms VALUES(13, 23);
INSERT INTO rooms VALUES(14, 23);
INSERT INTO rooms VALUES(15, 23);
INSERT INTO rooms VALUES(16, 23);
INSERT INTO rooms VALUES(17, 23);
INSERT INTO rooms VALUES(18, 23);
INSERT INTO rooms VALUES(19, 23);
INSERT INTO rooms VALUES(20, 23);
INSERT INTO rooms VALUES(21, 23);
INSERT INTO rooms VALUES(22, 23);
INSERT INTO rooms VALUES(23, 23);
INSERT INTO rooms VALUES(24, 23);
INSERT INTO rooms VALUES(25, 23);
INSERT INTO rooms VALUES(26, 23);
INSERT INTO rooms VALUES(27, 23);
INSERT INTO rooms VALUES(28, 23);
INSERT INTO rooms VALUES(29, 23);
INSERT INTO rooms VALUES(30, 23);
INSERT INTO rooms VALUES(1, 24);
INSERT INTO rooms VALUES(2, 24);
INSERT INTO rooms VALUES(3, 24);
INSERT INTO rooms VALUES(4, 24);
INSERT INTO rooms VALUES(5, 24);
INSERT INTO rooms VALUES(6, 24);
INSERT INTO rooms VALUES(7, 24);
INSERT INTO rooms VALUES(8, 24);
INSERT INTO rooms VALUES(9, 24);
INSERT INTO rooms VALUES(10, 24);
INSERT INTO rooms VALUES(11, 24);
INSERT INTO rooms VALUES(12, 24);
INSERT INTO rooms VALUES(13, 24);
INSERT INTO rooms VALUES(14, 24);
INSERT INTO rooms VALUES(15, 24);
INSERT INTO rooms VALUES(16, 24);
INSERT INTO rooms VALUES(17, 24);
INSERT INTO rooms VALUES(18, 24);
INSERT INTO rooms VALUES(19, 24);
INSERT INTO rooms VALUES(20, 24);
INSERT INTO rooms VALUES(21, 24);
INSERT INTO rooms VALUES(22, 24);
INSERT INTO rooms VALUES(23, 24);
INSERT INTO rooms VALUES(24, 24);
INSERT INTO rooms VALUES(25, 24);
INSERT INTO rooms VALUES(26, 24);
INSERT INTO rooms VALUES(27, 24);
INSERT INTO rooms VALUES(28, 24);
INSERT INTO rooms VALUES(29, 24);
INSERT INTO rooms VALUES(30, 24);
INSERT INTO rooms VALUES(1, 25);
INSERT INTO rooms VALUES(2, 25);
INSERT INTO rooms VALUES(3, 25);
INSERT INTO rooms VALUES(4, 25);
INSERT INTO rooms VALUES(5, 25);
INSERT INTO rooms VALUES(6, 25);
INSERT INTO rooms VALUES(7, 25);
INSERT INTO rooms VALUES(8, 25);
INSERT INTO rooms VALUES(9, 25);
INSERT INTO rooms VALUES(10, 25);
INSERT INTO rooms VALUES(11, 25);
INSERT INTO rooms VALUES(12, 25);
INSERT INTO rooms VALUES(13, 25);
INSERT INTO rooms VALUES(14, 25);
INSERT INTO rooms VALUES(15, 25);
INSERT INTO rooms VALUES(16, 25);
INSERT INTO rooms VALUES(17, 25);
INSERT INTO rooms VALUES(18, 25);
INSERT INTO rooms VALUES(19, 25);
INSERT INTO rooms VALUES(20, 25);
INSERT INTO rooms VALUES(21, 25);
INSERT INTO rooms VALUES(22, 25);
INSERT INTO rooms VALUES(23, 25);
INSERT INTO rooms VALUES(24, 25);
INSERT INTO rooms VALUES(25, 25);
INSERT INTO rooms VALUES(26, 25);
INSERT INTO rooms VALUES(27, 25);
INSERT INTO rooms VALUES(28, 25);
INSERT INTO rooms VALUES(29, 25);
INSERT INTO rooms VALUES(30, 25);
INSERT INTO rooms VALUES(1, 26);
INSERT INTO rooms VALUES(2, 26);
INSERT INTO rooms VALUES(3, 26);
INSERT INTO rooms VALUES(4, 26);
INSERT INTO rooms VALUES(5, 26);
INSERT INTO rooms VALUES(6, 26);
INSERT INTO rooms VALUES(7, 26);
INSERT INTO rooms VALUES(8, 26);
INSERT INTO rooms VALUES(9, 26);
INSERT INTO rooms VALUES(10, 26);
INSERT INTO rooms VALUES(11, 26);
INSERT INTO rooms VALUES(12, 26);
INSERT INTO rooms VALUES(13, 26);
INSERT INTO rooms VALUES(14, 26);
INSERT INTO rooms VALUES(15, 26);
INSERT INTO rooms VALUES(16, 26);
INSERT INTO rooms VALUES(17, 26);
INSERT INTO rooms VALUES(18, 26);
INSERT INTO rooms VALUES(19, 26);
INSERT INTO rooms VALUES(20, 26);
INSERT INTO rooms VALUES(21, 26);
INSERT INTO rooms VALUES(22, 26);
INSERT INTO rooms VALUES(23, 26);
INSERT INTO rooms VALUES(24, 26);
INSERT INTO rooms VALUES(25, 26);
INSERT INTO rooms VALUES(26, 26);
INSERT INTO rooms VALUES(27, 26);
INSERT INTO rooms VALUES(28, 26);
INSERT INTO rooms VALUES(29, 26);
INSERT INTO rooms VALUES(30, 26);
INSERT INTO rooms VALUES(1, 27);
INSERT INTO rooms VALUES(2, 27);
INSERT INTO rooms VALUES(3, 27);
INSERT INTO rooms VALUES(4, 27);
INSERT INTO rooms VALUES(5, 27);
INSERT INTO rooms VALUES(6, 27);
INSERT INTO rooms VALUES(7, 27);
INSERT INTO rooms VALUES(8, 27);
INSERT INTO rooms VALUES(9, 27);
INSERT INTO rooms VALUES(10, 27);
INSERT INTO rooms VALUES(11, 27);
INSERT INTO rooms VALUES(12, 27);
INSERT INTO rooms VALUES(13, 27);
INSERT INTO rooms VALUES(14, 27);
INSERT INTO rooms VALUES(15, 27);
INSERT INTO rooms VALUES(16, 27);
INSERT INTO rooms VALUES(17, 27);
INSERT INTO rooms VALUES(18, 27);
INSERT INTO rooms VALUES(19, 27);
INSERT INTO rooms VALUES(20, 27);
INSERT INTO rooms VALUES(21, 27);
INSERT INTO rooms VALUES(22, 27);
INSERT INTO rooms VALUES(23, 27);
INSERT INTO rooms VALUES(24, 27);
INSERT INTO rooms VALUES(25, 27);
INSERT INTO rooms VALUES(26, 27);
INSERT INTO rooms VALUES(27, 27);
INSERT INTO rooms VALUES(28, 27);
INSERT INTO rooms VALUES(29, 27);
INSERT INTO rooms VALUES(30, 27);
INSERT INTO rooms VALUES(1, 28);
INSERT INTO rooms VALUES(2, 28);
INSERT INTO rooms VALUES(3, 28);
INSERT INTO rooms VALUES(4, 28);
INSERT INTO rooms VALUES(5, 28);
INSERT INTO rooms VALUES(6, 28);
INSERT INTO rooms VALUES(7, 28);
INSERT INTO rooms VALUES(8, 28);
INSERT INTO rooms VALUES(9, 28);
INSERT INTO rooms VALUES(10, 28);
INSERT INTO rooms VALUES(11, 28);
INSERT INTO rooms VALUES(12, 28);
INSERT INTO rooms VALUES(13, 28);
INSERT INTO rooms VALUES(14, 28);
INSERT INTO rooms VALUES(15, 28);
INSERT INTO rooms VALUES(16, 28);
INSERT INTO rooms VALUES(17, 28);
INSERT INTO rooms VALUES(18, 28);
INSERT INTO rooms VALUES(19, 28);
INSERT INTO rooms VALUES(20, 28);
INSERT INTO rooms VALUES(21, 28);
INSERT INTO rooms VALUES(22, 28);
INSERT INTO rooms VALUES(23, 28);
INSERT INTO rooms VALUES(24, 28);
INSERT INTO rooms VALUES(25, 28);
INSERT INTO rooms VALUES(26, 28);
INSERT INTO rooms VALUES(27, 28);
INSERT INTO rooms VALUES(28, 28);
INSERT INTO rooms VALUES(29, 28);
INSERT INTO rooms VALUES(30, 28);
INSERT INTO rooms VALUES(1, 29);
INSERT INTO rooms VALUES(2, 29);
INSERT INTO rooms VALUES(3, 29);
INSERT INTO rooms VALUES(4, 29);
INSERT INTO rooms VALUES(5, 29);
INSERT INTO rooms VALUES(6, 29);
INSERT INTO rooms VALUES(7, 29);
INSERT INTO rooms VALUES(8, 29);
INSERT INTO rooms VALUES(9, 29);
INSERT INTO rooms VALUES(10, 29);
INSERT INTO rooms VALUES(11, 29);
INSERT INTO rooms VALUES(12, 29);
INSERT INTO rooms VALUES(13, 29);
INSERT INTO rooms VALUES(14, 29);
INSERT INTO rooms VALUES(15, 29);
INSERT INTO rooms VALUES(16, 29);
INSERT INTO rooms VALUES(17, 29);
INSERT INTO rooms VALUES(18, 29);
INSERT INTO rooms VALUES(19, 29);
INSERT INTO rooms VALUES(20, 29);
INSERT INTO rooms VALUES(21, 29);
INSERT INTO rooms VALUES(22, 29);
INSERT INTO rooms VALUES(23, 29);
INSERT INTO rooms VALUES(24, 29);
INSERT INTO rooms VALUES(25, 29);
INSERT INTO rooms VALUES(26, 29);
INSERT INTO rooms VALUES(27, 29);
INSERT INTO rooms VALUES(28, 29);
INSERT INTO rooms VALUES(29, 29);
INSERT INTO rooms VALUES(30, 29);
INSERT INTO rooms VALUES(1, 30);
INSERT INTO rooms VALUES(2, 30);
INSERT INTO rooms VALUES(3, 30);
INSERT INTO rooms VALUES(4, 30);
INSERT INTO rooms VALUES(5, 30);
INSERT INTO rooms VALUES(6, 30);
INSERT INTO rooms VALUES(7, 30);
INSERT INTO rooms VALUES(8, 30);
INSERT INTO rooms VALUES(9, 30);
INSERT INTO rooms VALUES(10, 30);
INSERT INTO rooms VALUES(11, 30);
INSERT INTO rooms VALUES(12, 30);
INSERT INTO rooms VALUES(13, 30);
INSERT INTO rooms VALUES(14, 30);
INSERT INTO rooms VALUES(15, 30);
INSERT INTO rooms VALUES(16, 30);
INSERT INTO rooms VALUES(17, 30);
INSERT INTO rooms VALUES(18, 30);
INSERT INTO rooms VALUES(19, 30);
INSERT INTO rooms VALUES(20, 30);
INSERT INTO rooms VALUES(21, 30);
INSERT INTO rooms VALUES(22, 30);
INSERT INTO rooms VALUES(23, 30);
INSERT INTO rooms VALUES(24, 30);
INSERT INTO rooms VALUES(25, 30);
INSERT INTO rooms VALUES(26, 30);
INSERT INTO rooms VALUES(27, 30);
INSERT INTO rooms VALUES(28, 30);
INSERT INTO rooms VALUES(29, 30);
INSERT INTO rooms VALUES(30, 30);
INSERT INTO rooms VALUES(1, 31);
INSERT INTO rooms VALUES(2, 31);
INSERT INTO rooms VALUES(3, 31);
INSERT INTO rooms VALUES(4, 31);
INSERT INTO rooms VALUES(5, 31);
INSERT INTO rooms VALUES(6, 31);
INSERT INTO rooms VALUES(7, 31);
INSERT INTO rooms VALUES(8, 31);
INSERT INTO rooms VALUES(9, 31);
INSERT INTO rooms VALUES(10, 31);
INSERT INTO rooms VALUES(11, 31);
INSERT INTO rooms VALUES(12, 31);
INSERT INTO rooms VALUES(13, 31);
INSERT INTO rooms VALUES(14, 31);
INSERT INTO rooms VALUES(15, 31);
INSERT INTO rooms VALUES(16, 31);
INSERT INTO rooms VALUES(17, 31);
INSERT INTO rooms VALUES(18, 31);
INSERT INTO rooms VALUES(19, 31);
INSERT INTO rooms VALUES(20, 31);
INSERT INTO rooms VALUES(21, 31);
INSERT INTO rooms VALUES(22, 31);
INSERT INTO rooms VALUES(23, 31);
INSERT INTO rooms VALUES(24, 31);
INSERT INTO rooms VALUES(25, 31);
INSERT INTO rooms VALUES(26, 31);
INSERT INTO rooms VALUES(27, 31);
INSERT INTO rooms VALUES(28, 31);
INSERT INTO rooms VALUES(29, 31);
INSERT INTO rooms VALUES(30, 31);
INSERT INTO rooms VALUES(1, 32);
INSERT INTO rooms VALUES(2, 32);
INSERT INTO rooms VALUES(3, 32);
INSERT INTO rooms VALUES(4, 32);
INSERT INTO rooms VALUES(5, 32);
INSERT INTO rooms VALUES(6, 32);
INSERT INTO rooms VALUES(7, 32);
INSERT INTO rooms VALUES(8, 32);
INSERT INTO rooms VALUES(9, 32);
INSERT INTO rooms VALUES(10, 32);
INSERT INTO rooms VALUES(11, 32);
INSERT INTO rooms VALUES(12, 32);
INSERT INTO rooms VALUES(13, 32);
INSERT INTO rooms VALUES(14, 32);
INSERT INTO rooms VALUES(15, 32);
INSERT INTO rooms VALUES(16, 32);
INSERT INTO rooms VALUES(17, 32);
INSERT INTO rooms VALUES(18, 32);
INSERT INTO rooms VALUES(19, 32);
INSERT INTO rooms VALUES(20, 32);
INSERT INTO rooms VALUES(21, 32);
INSERT INTO rooms VALUES(22, 32);
INSERT INTO rooms VALUES(23, 32);
INSERT INTO rooms VALUES(24, 32);
INSERT INTO rooms VALUES(25, 32);
INSERT INTO rooms VALUES(26, 32);
INSERT INTO rooms VALUES(27, 32);
INSERT INTO rooms VALUES(28, 32);
INSERT INTO rooms VALUES(29, 32);
INSERT INTO rooms VALUES(30, 32);
INSERT INTO rooms VALUES(1, 33);
INSERT INTO rooms VALUES(2, 33);
INSERT INTO rooms VALUES(3, 33);
INSERT INTO rooms VALUES(4, 33);
INSERT INTO rooms VALUES(5, 33);
INSERT INTO rooms VALUES(6, 33);
INSERT INTO rooms VALUES(7, 33);
INSERT INTO rooms VALUES(8, 33);
INSERT INTO rooms VALUES(9, 33);
INSERT INTO rooms VALUES(10, 33);
INSERT INTO rooms VALUES(11, 33);
INSERT INTO rooms VALUES(12, 33);
INSERT INTO rooms VALUES(13, 33);
INSERT INTO rooms VALUES(14, 33);
INSERT INTO rooms VALUES(15, 33);
INSERT INTO rooms VALUES(16, 33);
INSERT INTO rooms VALUES(17, 33);
INSERT INTO rooms VALUES(18, 33);
INSERT INTO rooms VALUES(19, 33);
INSERT INTO rooms VALUES(20, 33);
INSERT INTO rooms VALUES(21, 33);
INSERT INTO rooms VALUES(22, 33);
INSERT INTO rooms VALUES(23, 33);
INSERT INTO rooms VALUES(24, 33);
INSERT INTO rooms VALUES(25, 33);
INSERT INTO rooms VALUES(26, 33);
INSERT INTO rooms VALUES(27, 33);
INSERT INTO rooms VALUES(28, 33);
INSERT INTO rooms VALUES(29, 33);
INSERT INTO rooms VALUES(30, 33);
INSERT INTO rooms VALUES(1, 34);
INSERT INTO rooms VALUES(2, 34);
INSERT INTO rooms VALUES(3, 34);
INSERT INTO rooms VALUES(4, 34);
INSERT INTO rooms VALUES(5, 34);
INSERT INTO rooms VALUES(6, 34);
INSERT INTO rooms VALUES(7, 34);
INSERT INTO rooms VALUES(8, 34);
INSERT INTO rooms VALUES(9, 34);
INSERT INTO rooms VALUES(10, 34);
INSERT INTO rooms VALUES(11, 34);
INSERT INTO rooms VALUES(12, 34);
INSERT INTO rooms VALUES(13, 34);
INSERT INTO rooms VALUES(14, 34);
INSERT INTO rooms VALUES(15, 34);
INSERT INTO rooms VALUES(16, 34);
INSERT INTO rooms VALUES(17, 34);
INSERT INTO rooms VALUES(18, 34);
INSERT INTO rooms VALUES(19, 34);
INSERT INTO rooms VALUES(20, 34);
INSERT INTO rooms VALUES(21, 34);
INSERT INTO rooms VALUES(22, 34);
INSERT INTO rooms VALUES(23, 34);
INSERT INTO rooms VALUES(24, 34);
INSERT INTO rooms VALUES(25, 34);
INSERT INTO rooms VALUES(26, 34);
INSERT INTO rooms VALUES(27, 34);
INSERT INTO rooms VALUES(28, 34);
INSERT INTO rooms VALUES(29, 34);
INSERT INTO rooms VALUES(30, 34);
INSERT INTO rooms VALUES(1, 35);
INSERT INTO rooms VALUES(2, 35);
INSERT INTO rooms VALUES(3, 35);
INSERT INTO rooms VALUES(4, 35);
INSERT INTO rooms VALUES(5, 35);
INSERT INTO rooms VALUES(6, 35);
INSERT INTO rooms VALUES(7, 35);
INSERT INTO rooms VALUES(8, 35);
INSERT INTO rooms VALUES(9, 35);
INSERT INTO rooms VALUES(10, 35);
INSERT INTO rooms VALUES(11, 35);
INSERT INTO rooms VALUES(12, 35);
INSERT INTO rooms VALUES(13, 35);
INSERT INTO rooms VALUES(14, 35);
INSERT INTO rooms VALUES(15, 35);
INSERT INTO rooms VALUES(16, 35);
INSERT INTO rooms VALUES(17, 35);
INSERT INTO rooms VALUES(18, 35);
INSERT INTO rooms VALUES(19, 35);
INSERT INTO rooms VALUES(20, 35);
INSERT INTO rooms VALUES(21, 35);
INSERT INTO rooms VALUES(22, 35);
INSERT INTO rooms VALUES(23, 35);
INSERT INTO rooms VALUES(24, 35);
INSERT INTO rooms VALUES(25, 35);
INSERT INTO rooms VALUES(26, 35);
INSERT INTO rooms VALUES(27, 35);
INSERT INTO rooms VALUES(28, 35);
INSERT INTO rooms VALUES(29, 35);
INSERT INTO rooms VALUES(30, 35);
INSERT INTO rooms VALUES(1, 36);
INSERT INTO rooms VALUES(2, 36);
INSERT INTO rooms VALUES(3, 36);
INSERT INTO rooms VALUES(4, 36);
INSERT INTO rooms VALUES(5, 36);
INSERT INTO rooms VALUES(6, 36);
INSERT INTO rooms VALUES(7, 36);
INSERT INTO rooms VALUES(8, 36);
INSERT INTO rooms VALUES(9, 36);
INSERT INTO rooms VALUES(10, 36);
INSERT INTO rooms VALUES(11, 36);
INSERT INTO rooms VALUES(12, 36);
INSERT INTO rooms VALUES(13, 36);
INSERT INTO rooms VALUES(14, 36);
INSERT INTO rooms VALUES(15, 36);
INSERT INTO rooms VALUES(16, 36);
INSERT INTO rooms VALUES(17, 36);
INSERT INTO rooms VALUES(18, 36);
INSERT INTO rooms VALUES(19, 36);
INSERT INTO rooms VALUES(20, 36);
INSERT INTO rooms VALUES(21, 36);
INSERT INTO rooms VALUES(22, 36);
INSERT INTO rooms VALUES(23, 36);
INSERT INTO rooms VALUES(24, 36);
INSERT INTO rooms VALUES(25, 36);
INSERT INTO rooms VALUES(26, 36);
INSERT INTO rooms VALUES(27, 36);
INSERT INTO rooms VALUES(28, 36);
INSERT INTO rooms VALUES(29, 36);
INSERT INTO rooms VALUES(30, 36);
INSERT INTO rooms VALUES(1, 37);
INSERT INTO rooms VALUES(2, 37);
INSERT INTO rooms VALUES(3, 37);
INSERT INTO rooms VALUES(4, 37);
INSERT INTO rooms VALUES(5, 37);
INSERT INTO rooms VALUES(6, 37);
INSERT INTO rooms VALUES(7, 37);
INSERT INTO rooms VALUES(8, 37);
INSERT INTO rooms VALUES(9, 37);
INSERT INTO rooms VALUES(10, 37);
INSERT INTO rooms VALUES(11, 37);
INSERT INTO rooms VALUES(12, 37);
INSERT INTO rooms VALUES(13, 37);
INSERT INTO rooms VALUES(14, 37);
INSERT INTO rooms VALUES(15, 37);
INSERT INTO rooms VALUES(16, 37);
INSERT INTO rooms VALUES(17, 37);
INSERT INTO rooms VALUES(18, 37);
INSERT INTO rooms VALUES(19, 37);
INSERT INTO rooms VALUES(20, 37);
INSERT INTO rooms VALUES(21, 37);
INSERT INTO rooms VALUES(22, 37);
INSERT INTO rooms VALUES(23, 37);
INSERT INTO rooms VALUES(24, 37);
INSERT INTO rooms VALUES(25, 37);
INSERT INTO rooms VALUES(26, 37);
INSERT INTO rooms VALUES(27, 37);
INSERT INTO rooms VALUES(28, 37);
INSERT INTO rooms VALUES(29, 37);
INSERT INTO rooms VALUES(30, 37);
INSERT INTO rooms VALUES(1, 38);
INSERT INTO rooms VALUES(2, 38);
INSERT INTO rooms VALUES(3, 38);
INSERT INTO rooms VALUES(4, 38);
INSERT INTO rooms VALUES(5, 38);
INSERT INTO rooms VALUES(6, 38);
INSERT INTO rooms VALUES(7, 38);
INSERT INTO rooms VALUES(8, 38);
INSERT INTO rooms VALUES(9, 38);
INSERT INTO rooms VALUES(10, 38);
INSERT INTO rooms VALUES(11, 38);
INSERT INTO rooms VALUES(12, 38);
INSERT INTO rooms VALUES(13, 38);
INSERT INTO rooms VALUES(14, 38);
INSERT INTO rooms VALUES(15, 38);
INSERT INTO rooms VALUES(16, 38);
INSERT INTO rooms VALUES(17, 38);
INSERT INTO rooms VALUES(18, 38);
INSERT INTO rooms VALUES(19, 38);
INSERT INTO rooms VALUES(20, 38);
INSERT INTO rooms VALUES(21, 38);
INSERT INTO rooms VALUES(22, 38);
INSERT INTO rooms VALUES(23, 38);
INSERT INTO rooms VALUES(24, 38);
INSERT INTO rooms VALUES(25, 38);
INSERT INTO rooms VALUES(26, 38);
INSERT INTO rooms VALUES(27, 38);
INSERT INTO rooms VALUES(28, 38);
INSERT INTO rooms VALUES(29, 38);
INSERT INTO rooms VALUES(30, 38);
INSERT INTO rooms VALUES(1, 39);
INSERT INTO rooms VALUES(2, 39);
INSERT INTO rooms VALUES(3, 39);
INSERT INTO rooms VALUES(4, 39);
INSERT INTO rooms VALUES(5, 39);
INSERT INTO rooms VALUES(6, 39);
INSERT INTO rooms VALUES(7, 39);
INSERT INTO rooms VALUES(8, 39);
INSERT INTO rooms VALUES(9, 39);
INSERT INTO rooms VALUES(10, 39);
INSERT INTO rooms VALUES(11, 39);
INSERT INTO rooms VALUES(12, 39);
INSERT INTO rooms VALUES(13, 39);
INSERT INTO rooms VALUES(14, 39);
INSERT INTO rooms VALUES(15, 39);
INSERT INTO rooms VALUES(16, 39);
INSERT INTO rooms VALUES(17, 39);
INSERT INTO rooms VALUES(18, 39);
INSERT INTO rooms VALUES(19, 39);
INSERT INTO rooms VALUES(20, 39);
INSERT INTO rooms VALUES(21, 39);
INSERT INTO rooms VALUES(22, 39);
INSERT INTO rooms VALUES(23, 39);
INSERT INTO rooms VALUES(24, 39);
INSERT INTO rooms VALUES(25, 39);
INSERT INTO rooms VALUES(26, 39);
INSERT INTO rooms VALUES(27, 39);
INSERT INTO rooms VALUES(28, 39);
INSERT INTO rooms VALUES(29, 39);
INSERT INTO rooms VALUES(30, 39);
INSERT INTO rooms VALUES(1, 40);
INSERT INTO rooms VALUES(2, 40);
INSERT INTO rooms VALUES(3, 40);
INSERT INTO rooms VALUES(4, 40);
INSERT INTO rooms VALUES(5, 40);
INSERT INTO rooms VALUES(6, 40);
INSERT INTO rooms VALUES(7, 40);
INSERT INTO rooms VALUES(8, 40);
INSERT INTO rooms VALUES(9, 40);
INSERT INTO rooms VALUES(10, 40);
INSERT INTO rooms VALUES(11, 40);
INSERT INTO rooms VALUES(12, 40);
INSERT INTO rooms VALUES(13, 40);
INSERT INTO rooms VALUES(14, 40);
INSERT INTO rooms VALUES(15, 40);
INSERT INTO rooms VALUES(16, 40);
INSERT INTO rooms VALUES(17, 40);
INSERT INTO rooms VALUES(18, 40);
INSERT INTO rooms VALUES(19, 40);
INSERT INTO rooms VALUES(20, 40);
INSERT INTO rooms VALUES(21, 40);
INSERT INTO rooms VALUES(22, 40);
INSERT INTO rooms VALUES(23, 40);
INSERT INTO rooms VALUES(24, 40);
INSERT INTO rooms VALUES(25, 40);
INSERT INTO rooms VALUES(26, 40);
INSERT INTO rooms VALUES(27, 40);
INSERT INTO rooms VALUES(28, 40);
INSERT INTO rooms VALUES(29, 40);
INSERT INTO rooms VALUES(30, 40);
INSERT INTO rooms VALUES(1, 41);
INSERT INTO rooms VALUES(2, 41);
INSERT INTO rooms VALUES(3, 41);
INSERT INTO rooms VALUES(4, 41);
INSERT INTO rooms VALUES(5, 41);
INSERT INTO rooms VALUES(6, 41);
INSERT INTO rooms VALUES(7, 41);
INSERT INTO rooms VALUES(8, 41);
INSERT INTO rooms VALUES(9, 41);
INSERT INTO rooms VALUES(10, 41);
INSERT INTO rooms VALUES(11, 41);
INSERT INTO rooms VALUES(12, 41);
INSERT INTO rooms VALUES(13, 41);
INSERT INTO rooms VALUES(14, 41);
INSERT INTO rooms VALUES(15, 41);
INSERT INTO rooms VALUES(16, 41);
INSERT INTO rooms VALUES(17, 41);
INSERT INTO rooms VALUES(18, 41);
INSERT INTO rooms VALUES(19, 41);
INSERT INTO rooms VALUES(20, 41);
INSERT INTO rooms VALUES(21, 41);
INSERT INTO rooms VALUES(22, 41);
INSERT INTO rooms VALUES(23, 41);
INSERT INTO rooms VALUES(24, 41);
INSERT INTO rooms VALUES(25, 41);
INSERT INTO rooms VALUES(26, 41);
INSERT INTO rooms VALUES(27, 41);
INSERT INTO rooms VALUES(28, 41);
INSERT INTO rooms VALUES(29, 41);
INSERT INTO rooms VALUES(30, 41);
INSERT INTO rooms VALUES(1, 42);
INSERT INTO rooms VALUES(2, 42);
INSERT INTO rooms VALUES(3, 42);
INSERT INTO rooms VALUES(4, 42);
INSERT INTO rooms VALUES(5, 42);
INSERT INTO rooms VALUES(6, 42);
INSERT INTO rooms VALUES(7, 42);
INSERT INTO rooms VALUES(8, 42);
INSERT INTO rooms VALUES(9, 42);
INSERT INTO rooms VALUES(10, 42);
INSERT INTO rooms VALUES(11, 42);
INSERT INTO rooms VALUES(12, 42);
INSERT INTO rooms VALUES(13, 42);
INSERT INTO rooms VALUES(14, 42);
INSERT INTO rooms VALUES(15, 42);
INSERT INTO rooms VALUES(16, 42);
INSERT INTO rooms VALUES(17, 42);
INSERT INTO rooms VALUES(18, 42);
INSERT INTO rooms VALUES(19, 42);
INSERT INTO rooms VALUES(20, 42);
INSERT INTO rooms VALUES(21, 42);
INSERT INTO rooms VALUES(22, 42);
INSERT INTO rooms VALUES(23, 42);
INSERT INTO rooms VALUES(24, 42);
INSERT INTO rooms VALUES(25, 42);
INSERT INTO rooms VALUES(26, 42);
INSERT INTO rooms VALUES(27, 42);
INSERT INTO rooms VALUES(28, 42);
INSERT INTO rooms VALUES(29, 42);
INSERT INTO rooms VALUES(30, 42);
INSERT INTO rooms VALUES(1, 43);
INSERT INTO rooms VALUES(2, 43);
INSERT INTO rooms VALUES(3, 43);
INSERT INTO rooms VALUES(4, 43);
INSERT INTO rooms VALUES(5, 43);
INSERT INTO rooms VALUES(6, 43);
INSERT INTO rooms VALUES(7, 43);
INSERT INTO rooms VALUES(8, 43);
INSERT INTO rooms VALUES(9, 43);
INSERT INTO rooms VALUES(10, 43);
INSERT INTO rooms VALUES(11, 43);
INSERT INTO rooms VALUES(12, 43);
INSERT INTO rooms VALUES(13, 43);
INSERT INTO rooms VALUES(14, 43);
INSERT INTO rooms VALUES(15, 43);
INSERT INTO rooms VALUES(16, 43);
INSERT INTO rooms VALUES(17, 43);
INSERT INTO rooms VALUES(18, 43);
INSERT INTO rooms VALUES(19, 43);
INSERT INTO rooms VALUES(20, 43);
INSERT INTO rooms VALUES(21, 43);
INSERT INTO rooms VALUES(22, 43);
INSERT INTO rooms VALUES(23, 43);
INSERT INTO rooms VALUES(24, 43);
INSERT INTO rooms VALUES(25, 43);
INSERT INTO rooms VALUES(26, 43);
INSERT INTO rooms VALUES(27, 43);
INSERT INTO rooms VALUES(28, 43);
INSERT INTO rooms VALUES(29, 43);
INSERT INTO rooms VALUES(30, 43);

-- Specialization data
INSERT INTO specializations VALUES(1, 'Cardiologie');
INSERT INTO specializations VALUES(2, 'Dermatologie');
INSERT INTO specializations VALUES(3, 'Endocrinologie');
INSERT INTO specializations VALUES(4, 'Neurologie');
INSERT INTO specializations VALUES(5, 'Oftalmologie');
INSERT INTO specializations VALUES(6, 'Ortopedie');
INSERT INTO specializations VALUES(7, 'Kinetoterpie');
INSERT INTO specializations VALUES(8, 'Psihiatrie');
INSERT INTO specializations VALUES(9, 'Stomatologie');
INSERT INTO specializations VALUES(10, 'O.R.L');
INSERT INTO specializations VALUES(11, 'Urologie');
INSERT INTO specializations VALUES(12, 'Psihologie');
INSERT INTO specializations VALUES(13, 'Fizioterapie');
INSERT INTO specializations VALUES(14, 'Reumatologie');
INSERT INTO specializations VALUES(15, 'Ginecologie');
INSERT INTO specializations VALUES(16, 'Psihiatrie');
INSERT INTO specializations VALUES(17, 'Medic_de_familie');
INSERT INTO specializations VALUES(18, 'Pediatrie');
INSERT INTO specializations VALUES(19, 'Geriatrie');

-- Medic data
INSERT INTO medics VALUES(1, 'Teodor Paraschiv', 1, 1);
INSERT INTO medics VALUES(2, 'Antoaneta Oprea', 2, 5);
INSERT INTO medics VALUES(3, 'Doru Fodor', 3, 14);
INSERT INTO medics VALUES(4, 'Ina Mihalcea', 4, 15);
INSERT INTO medics VALUES(5, 'Sidonia Banica', 5, 15);
INSERT INTO medics VALUES(6, 'Nidia Zamfir', 6, 1);
INSERT INTO medics VALUES(7, 'Nelu Marcu', 7, 14);
INSERT INTO medics VALUES(8, 'Lascar Alexandru', 8, 4);
INSERT INTO medics VALUES(9, 'Octav Zamfir', 9, 4);
INSERT INTO medics VALUES(10, 'Iurie Visan', 10, 14);
INSERT INTO medics VALUES(11, 'Georgia Pirvu', 11, 7);
INSERT INTO medics VALUES(12, 'Sever Varga', 12, 7);
INSERT INTO medics VALUES(13, 'Mirabela Vaduva', 13, 8);
INSERT INTO medics VALUES(14, 'Sandu Tamas', 14, 19);
INSERT INTO medics VALUES(15, 'Viorel Dogaru', 15, 4);
INSERT INTO medics VALUES(16, 'Artemisa Tudor', 16, 7);
INSERT INTO medics VALUES(17, 'Marcel Ghita', 17, 20);
INSERT INTO medics VALUES(18, 'Cornelia Mirea', 18, 13);
INSERT INTO medics VALUES(19, 'Mitica Staicu', 1, 7);
INSERT INTO medics VALUES(20, 'Geanina Trifan', 2, 2);
INSERT INTO medics VALUES(21, 'Cedrin Duta', 3, 6);
INSERT INTO medics VALUES(22, 'Patru Pascu', 4, 2);
INSERT INTO medics VALUES(23, 'Alex Manole', 5, 4);
INSERT INTO medics VALUES(24, 'Marius Nagy', 6, 20);
INSERT INTO medics VALUES(25, 'Simona Adam', 7, 7);
INSERT INTO medics VALUES(26, 'Sandu Anton', 8, 12);
INSERT INTO medics VALUES(27, 'Romeo Neagu', 9, 17);
INSERT INTO medics VALUES(28, 'Dumitru Costin', 10, 8);
INSERT INTO medics VALUES(29, 'Marilena Toth', 11, 20);
INSERT INTO medics VALUES(30, 'Narcis Manole', 12, 4);
INSERT INTO medics VALUES(31, 'Visarion Costache', 13, 16);
INSERT INTO medics VALUES(32, 'Ludovica Ardeleanu', 14, 1);
INSERT INTO medics VALUES(33, 'Antoniu Stan', 15, 13);
INSERT INTO medics VALUES(34, 'Narcis Voinea', 16, 2);
INSERT INTO medics VALUES(35, 'Florina Simionescu', 17, 3);
INSERT INTO medics VALUES(36, 'Paula Stoica', 18, 12);
INSERT INTO medics VALUES(37, 'Ioan Gheorghita', 1, 13);
INSERT INTO medics VALUES(38, 'Rada Cornea', 2, 7);
INSERT INTO medics VALUES(39, 'Anda Ardelean', 3, 4);
INSERT INTO medics VALUES(40, 'Francesca Badea', 4, 17);
INSERT INTO medics VALUES(41, 'Toma Matei', 5, 2);
INSERT INTO medics VALUES(42, 'Safta Szasz', 6, 6);
INSERT INTO medics VALUES(43, 'Silvian Ignat', 7, 4);
INSERT INTO medics VALUES(44, 'Basarab Prodan', 8, 11);
INSERT INTO medics VALUES(45, 'Francisc Farcas', 9, 10);
INSERT INTO medics VALUES(46, 'Mirabela Chis', 10, 6);
INSERT INTO medics VALUES(47, 'Doina Alexandrescu', 11, 19);
INSERT INTO medics VALUES(48, 'Pompiliu Fodor', 12, 14);
INSERT INTO medics VALUES(49, 'Casiana Varga', 13, 17);
INSERT INTO medics VALUES(50, 'Roxana Blaga', 14, 11);
INSERT INTO medics VALUES(51, 'Emil Constantin', 15, 19);
INSERT INTO medics VALUES(52, 'Eusebiu Gheorghita', 16, 15);
INSERT INTO medics VALUES(53, 'Maximilian Paun', 17, 3);
INSERT INTO medics VALUES(54, 'Anica Bratu', 18, 20);
INSERT INTO medics VALUES(55, 'Cedrin Oltean', 1, 10);
INSERT INTO medics VALUES(56, 'Teea Iacob', 2, 8);
INSERT INTO medics VALUES(57, 'Tatiana Musat', 3, 12);
INSERT INTO medics VALUES(58, 'Raul Veres', 4, 12);
INSERT INTO medics VALUES(59, 'Gica Nitu', 5, 12);
INSERT INTO medics VALUES(60, 'Ghenadie Dumitrescu', 6, 1);
INSERT INTO medics VALUES(61, 'Simi Szasz', 7, 4);
INSERT INTO medics VALUES(62, 'Petre Bucur', 8, 5);
INSERT INTO medics VALUES(63, 'Lucentiu Iancu', 9, 10);
INSERT INTO medics VALUES(64, 'Diana Costea', 10, 20);
INSERT INTO medics VALUES(65, 'Vanesa Manolache', 11, 5);
INSERT INTO medics VALUES(66, 'Monalisa Dragan', 12, 11);
INSERT INTO medics VALUES(67, 'Gabriela Olariu', 13, 16);
INSERT INTO medics VALUES(68, 'Aurelian Mazilu', 14, 9);
INSERT INTO medics VALUES(69, 'Gina Ilie', 15, 15);
INSERT INTO medics VALUES(70, 'Jeana Mihaila', 16, 20);
INSERT INTO medics VALUES(71, 'Jean Stoica', 17, 11);
INSERT INTO medics VALUES(72, 'Giorgian Muresan', 18, 20);
INSERT INTO medics VALUES(73, 'Roxelana Dogaru', 1, 2);
INSERT INTO medics VALUES(74, 'Zoe Fratila', 2, 14);
INSERT INTO medics VALUES(75, 'Eleonora Ignat', 3, 2);
INSERT INTO medics VALUES(76, 'Bradut Dinu', 4, 2);
INSERT INTO medics VALUES(77, 'Iulian Bodea', 5, 16);
INSERT INTO medics VALUES(78, 'Laura Mihalcea', 6, 1);
INSERT INTO medics VALUES(79, 'Ruxandra Pana', 7, 16);
INSERT INTO medics VALUES(80, 'Lucian Oancea', 8, 9);
INSERT INTO medics VALUES(81, 'Augustin Bota', 9, 1);
INSERT INTO medics VALUES(82, 'Lascar Cozma', 10, 19);
INSERT INTO medics VALUES(83, 'Jean Trifan', 11, 13);
INSERT INTO medics VALUES(84, 'Profira Gheorghiu', 12, 10);
INSERT INTO medics VALUES(85, 'Sanda Marginean', 13, 4);
INSERT INTO medics VALUES(86, 'Dan Tudose', 14, 7);
INSERT INTO medics VALUES(87, 'Stefania Constantin', 15, 10);
INSERT INTO medics VALUES(88, 'Gregorian Simon', 16, 11);
INSERT INTO medics VALUES(89, 'Dorin Fratila', 17, 19);
INSERT INTO medics VALUES(90, 'Razvan Ciobanu', 18, 4);
INSERT INTO medics VALUES(91, 'Daiana Croitoru', 1, 2);
INSERT INTO medics VALUES(92, 'Raducu Bodea', 2, 9);
INSERT INTO medics VALUES(93, 'Vlaicu Milea', 3, 14);
INSERT INTO medics VALUES(94, 'Dina Maxim', 4, 18);
INSERT INTO medics VALUES(95, 'Gratian Costea', 5, 20);
INSERT INTO medics VALUES(96, 'Stelian Tomescu', 6, 13);
INSERT INTO medics VALUES(97, 'Artemisa Vasile', 7, 7);
INSERT INTO medics VALUES(98, 'Teona Luca', 8, 17);
INSERT INTO medics VALUES(99, 'Ion Catana', 9, 15);
INSERT INTO medics VALUES(100, 'Emilian Anghel', 10, 15);
INSERT INTO medics VALUES(101, 'Florian Burlacu', 11, 13);
INSERT INTO medics VALUES(102, 'Livia Chiriac', 12, 13);
INSERT INTO medics VALUES(103, 'Nicu Stanescu', 13, 20);
INSERT INTO medics VALUES(104, 'Adina Fodor', 14, 19);
INSERT INTO medics VALUES(105, 'Emanuil Panait', 15, 9);
INSERT INTO medics VALUES(106, 'Viorel Irimia', 16, 19);
INSERT INTO medics VALUES(107, 'Constanta Neagoe', 17, 12);
INSERT INTO medics VALUES(108, 'Olimpiu Dobrescu', 18, 18);
INSERT INTO medics VALUES(109, 'Corina Cucu', 1, 9);
INSERT INTO medics VALUES(110, 'Victor Mazilu', 2, 3);
INSERT INTO medics VALUES(111, 'Anghel Mihaila', 3, 13);
INSERT INTO medics VALUES(112, 'Arian Vasilescu', 4, 6);
INSERT INTO medics VALUES(113, 'Stan Grigoras', 5, 20);
INSERT INTO medics VALUES(114, 'Robert Aldea', 6, 20);
INSERT INTO medics VALUES(115, 'Inocentiu Mihai', 7, 15);
INSERT INTO medics VALUES(116, 'Camil Banu', 8, 15);
INSERT INTO medics VALUES(117, 'Sanda Kiss', 9, 11);
INSERT INTO medics VALUES(118, 'Corina Constantinescu', 10, 20);
INSERT INTO medics VALUES(119, 'Vicentiu Gal', 11, 14);
INSERT INTO medics VALUES(120, 'George Constantin', 12, 15);
INSERT INTO medics VALUES(121, 'David Moise', 13, 5);
INSERT INTO medics VALUES(122, 'Simi Stroe', 14, 5);
INSERT INTO medics VALUES(123, 'Miron Draghici', 15, 7);
INSERT INTO medics VALUES(124, 'Jeana Nastase', 16, 17);
INSERT INTO medics VALUES(125, 'Ionica Pascu', 17, 20);
INSERT INTO medics VALUES(126, 'Pompiliu Kovacs', 18, 3);
INSERT INTO medics VALUES(127, 'Tiberia Ivan', 1, 13);
INSERT INTO medics VALUES(128, 'Casian Marcu', 2, 10);
INSERT INTO medics VALUES(129, 'Voichita Nagy', 3, 5);
INSERT INTO medics VALUES(130, 'Adi Coman', 4, 17);
INSERT INTO medics VALUES(131, 'Silvian Roman', 5, 7);
INSERT INTO medics VALUES(132, 'Gica Dragoi', 6, 14);
INSERT INTO medics VALUES(133, 'Sorina Mircea', 7, 10);
INSERT INTO medics VALUES(134, 'Filofteia Boboc', 8, 14);
INSERT INTO medics VALUES(135, 'Antonie Lupu', 9, 4);
INSERT INTO medics VALUES(136, 'Tudosia Aldea', 10, 16);
INSERT INTO medics VALUES(137, 'Saveta Dragomir', 11, 20);
INSERT INTO medics VALUES(138, 'Patru Mazilu', 12, 12);
INSERT INTO medics VALUES(139, 'Rozalia Fodor', 13, 20);
INSERT INTO medics VALUES(140, 'Caius David', 14, 15);
INSERT INTO medics VALUES(141, 'Anaida Mazilu', 15, 15);
INSERT INTO medics VALUES(142, 'Agripina Costea', 16, 11);
INSERT INTO medics VALUES(143, 'Lavinia Bodea', 17, 12);
INSERT INTO medics VALUES(144, 'Lica Danila', 18, 12);
INSERT INTO medics VALUES(145, 'Irina Mateescu', 1, 18);
INSERT INTO medics VALUES(146, 'Teohari Toth', 2, 12);
INSERT INTO medics VALUES(147, 'Antonela Voinea', 3, 11);
INSERT INTO medics VALUES(148, 'Salomea David', 4, 12);
INSERT INTO medics VALUES(149, 'Oliviu Militaru', 5, 9);
INSERT INTO medics VALUES(150, 'Albert Popa', 6, 7);
INSERT INTO medics VALUES(151, 'Andrei Diaconu', 7, 12);
INSERT INTO medics VALUES(152, 'Eusebia Fodor', 8, 5);
INSERT INTO medics VALUES(153, 'Geta Oltean', 9, 5);
INSERT INTO medics VALUES(154, 'Amza Balan', 10, 11);
INSERT INTO medics VALUES(155, 'Pamfil Duta', 11, 1);
INSERT INTO medics VALUES(156, 'Irinel Vaduva', 12, 1);
INSERT INTO medics VALUES(157, 'Cezara Bratu', 13, 8);
INSERT INTO medics VALUES(158, 'Vlaicu Mateescu', 14, 13);
INSERT INTO medics VALUES(159, 'Lica Pirvu', 15, 5);
INSERT INTO medics VALUES(160, 'Petrisor Sandor', 16, 7);
INSERT INTO medics VALUES(161, 'Vicentia Blaga', 17, 20);
INSERT INTO medics VALUES(162, 'Artemisa Radulescu', 18, 8);
INSERT INTO medics VALUES(163, 'Doru Radulescu', 1, 16);
INSERT INTO medics VALUES(164, 'Veronica Mircea', 2, 20);
INSERT INTO medics VALUES(165, 'Dana Marginean', 3, 4);
INSERT INTO medics VALUES(166, 'Melania Vlad', 4, 3);
INSERT INTO medics VALUES(167, 'Silvia Costea', 5, 13);
INSERT INTO medics VALUES(168, 'Alexe Alexe', 6, 8);
INSERT INTO medics VALUES(169, 'Simina Lupu', 7, 15);
INSERT INTO medics VALUES(170, 'Aristide Damian', 8, 16);
INSERT INTO medics VALUES(171, 'Adonis Tudorache', 9, 19);
INSERT INTO medics VALUES(172, 'Emanuel Grigorescu', 10, 15);
INSERT INTO medics VALUES(173, 'Amza Alexa', 11, 11);
INSERT INTO medics VALUES(174, 'Jeana Simionescu', 12, 19);
INSERT INTO medics VALUES(175, 'Milena Milea', 13, 4);
INSERT INTO medics VALUES(176, 'Dorli Mateescu', 14, 8);
INSERT INTO medics VALUES(177, 'Emilian Stefanescu', 15, 17);
INSERT INTO medics VALUES(178, 'Gabi Adam', 16, 8);
INSERT INTO medics VALUES(179, 'Mirona Alexa', 17, 10);
INSERT INTO medics VALUES(180, 'Liana Teodorescu', 18, 15);
INSERT INTO medics VALUES(181, 'Eustatiu Covaci', 1, 8);
INSERT INTO medics VALUES(182, 'Sofia Badea', 2, 18);
INSERT INTO medics VALUES(183, 'Codrin Craciun', 3, 20);
INSERT INTO medics VALUES(184, 'George Tudor', 4, 4);
INSERT INTO medics VALUES(185, 'Veta Simionescu', 5, 3);
INSERT INTO medics VALUES(186, 'Delia Balan', 6, 7);
INSERT INTO medics VALUES(187, 'Antim Gavrila', 7, 17);
INSERT INTO medics VALUES(188, 'Ducu Mocanu', 8, 12);
INSERT INTO medics VALUES(189, 'Gabriel Macovei', 9, 2);
INSERT INTO medics VALUES(190, 'Nicodim Milea', 10, 5);
INSERT INTO medics VALUES(191, 'Steliana Stoian', 11, 15);
INSERT INTO medics VALUES(192, 'Cosmin Grigorescu', 12, 19);
INSERT INTO medics VALUES(193, 'Norica Militaru', 13, 6);
INSERT INTO medics VALUES(194, 'Razvan Ganea', 14, 3);
INSERT INTO medics VALUES(195, 'Caterina Olaru', 15, 11);
INSERT INTO medics VALUES(196, 'Aneta Stefan', 16, 5);
INSERT INTO medics VALUES(197, 'Vincentiu Ionita', 17, 15);
INSERT INTO medics VALUES(198, 'Petrisor Stan', 18, 12);
INSERT INTO medics VALUES(199, 'Elvira Oancea', 1, 5);
INSERT INTO medics VALUES(200, 'Narcis Neagu', 2, 3);
INSERT INTO medics VALUES(201, 'Dora Rosca', 3, 3);
INSERT INTO medics VALUES(202, 'Margareta Filip', 4, 17);
INSERT INTO medics VALUES(203, 'Aurelia Ardeleanu', 5, 4);
INSERT INTO medics VALUES(204, 'Pavel Puiu', 6, 10);
INSERT INTO medics VALUES(205, 'Nadia Vasiliu', 7, 1);
INSERT INTO medics VALUES(206, 'Iosif Martin', 8, 20);
INSERT INTO medics VALUES(207, 'Dina Andrei', 9, 16);
INSERT INTO medics VALUES(208, 'Emanuel Panait', 10, 8);
INSERT INTO medics VALUES(209, 'Cristina Marian', 11, 13);
INSERT INTO medics VALUES(210, 'Alida Crisan', 12, 5);
INSERT INTO medics VALUES(211, 'Roxana Manolache', 13, 20);
INSERT INTO medics VALUES(212, 'Iurie Prodan', 14, 5);
INSERT INTO medics VALUES(213, 'Sandu Toth', 15, 18);
INSERT INTO medics VALUES(214, 'Silvian Dragomir', 16, 2);
INSERT INTO medics VALUES(215, 'Floarea Niculae', 17, 6);
INSERT INTO medics VALUES(216, 'Denisa Florescu', 18, 6);
INSERT INTO medics VALUES(217, 'Andrada Neacsu', 1, 12);
INSERT INTO medics VALUES(218, 'Varvara Balan', 2, 9);
INSERT INTO medics VALUES(219, 'Patru Alexa', 3, 4);
INSERT INTO medics VALUES(220, 'Oliviu Tanase', 4, 20);
INSERT INTO medics VALUES(221, 'Albertina Grigore', 5, 18);
INSERT INTO medics VALUES(222, 'Silvana Milea', 6, 11);
INSERT INTO medics VALUES(223, 'Viorela Stefanescu', 7, 13);
INSERT INTO medics VALUES(224, 'Frederic Mihailescu', 8, 1);
INSERT INTO medics VALUES(225, 'Mihai Costin', 9, 18);
INSERT INTO medics VALUES(226, 'Nora Dinu', 10, 11);
INSERT INTO medics VALUES(227, 'Nelu Oltean', 11, 1);
INSERT INTO medics VALUES(228, 'Horea Duta', 12, 10);
INSERT INTO medics VALUES(229, 'Laurian Necula', 13, 9);
INSERT INTO medics VALUES(230, 'Melania Tataru', 14, 11);
INSERT INTO medics VALUES(231, 'Petrut Nemes', 15, 16);
INSERT INTO medics VALUES(232, 'Patricia Andrei', 16, 9);
INSERT INTO medics VALUES(233, 'Norica Panait', 17, 7);
INSERT INTO medics VALUES(234, 'Veronica Gheorghe', 18, 16);
INSERT INTO medics VALUES(235, 'Pompilia Aldea', 1, 19);
INSERT INTO medics VALUES(236, 'Florin Groza', 2, 1);
INSERT INTO medics VALUES(237, 'Corina David', 3, 9);
INSERT INTO medics VALUES(238, 'Amanda Gheorghita', 4, 15);
INSERT INTO medics VALUES(239, 'Eusebia Constantin', 5, 11);
INSERT INTO medics VALUES(240, 'Jenel Serban', 6, 13);
INSERT INTO medics VALUES(241, 'Madalina Niculae', 7, 1);
INSERT INTO medics VALUES(242, 'Consuela Grigoras', 8, 18);
INSERT INTO medics VALUES(243, 'Marian Cosma', 9, 16);
INSERT INTO medics VALUES(244, 'Marta Gheorghita', 10, 15);
INSERT INTO medics VALUES(245, 'Robert Albu', 11, 11);
INSERT INTO medics VALUES(246, 'Teea Dinca', 12, 4);
INSERT INTO medics VALUES(247, 'Bebe Martin', 13, 8);
INSERT INTO medics VALUES(248, 'Alex Anghel', 14, 7);
INSERT INTO medics VALUES(249, 'Doina Radu', 15, 17);
INSERT INTO medics VALUES(250, 'Silvian Horvath', 16, 13);
INSERT INTO medics VALUES(251, 'Anemona Panait', 17, 1);
INSERT INTO medics VALUES(252, 'Veta Pintea', 18, 3);
INSERT INTO medics VALUES(253, 'Casian Zamfir', 1, 16);
INSERT INTO medics VALUES(254, 'Eva Mateescu', 2, 20);
INSERT INTO medics VALUES(255, 'Axinte Anton', 3, 5);
INSERT INTO medics VALUES(256, 'Dominic Miu', 4, 11);
INSERT INTO medics VALUES(257, 'Eric Marian', 5, 13);
INSERT INTO medics VALUES(258, 'Mihnea Iacob', 6, 18);
INSERT INTO medics VALUES(259, 'Romina Boboc', 7, 15);
INSERT INTO medics VALUES(260, 'Sofia Moga', 8, 7);
INSERT INTO medics VALUES(261, 'Marian Nechita', 9, 20);
INSERT INTO medics VALUES(262, 'Claudiu Bratu', 10, 7);
INSERT INTO medics VALUES(263, 'Eustatiu Chis', 11, 6);
INSERT INTO medics VALUES(264, 'Alexandrina Stoian', 12, 7);
INSERT INTO medics VALUES(265, 'Liliana Necula', 13, 10);
INSERT INTO medics VALUES(266, 'Paula Manea', 14, 16);
INSERT INTO medics VALUES(267, 'Martin Suciu', 15, 9);
INSERT INTO medics VALUES(268, 'Viorela Iosif', 16, 3);
INSERT INTO medics VALUES(269, 'Ana Szekely', 17, 8);
INSERT INTO medics VALUES(270, 'Leontina Istrate', 18, 12);
INSERT INTO medics VALUES(271, 'Zina Sima', 1, 11);
INSERT INTO medics VALUES(272, 'Gicu Tudor', 2, 11);
INSERT INTO medics VALUES(273, 'Stefan Ungureanu', 3, 9);
INSERT INTO medics VALUES(274, 'Georgia Moldovan', 4, 6);
INSERT INTO medics VALUES(275, 'Haralamb Balan', 5, 5);
INSERT INTO medics VALUES(276, 'Andrada Barbu', 6, 14);
INSERT INTO medics VALUES(277, 'Pompilia Cucu', 7, 15);
INSERT INTO medics VALUES(278, 'Ecaterina Iacob', 8, 15);
INSERT INTO medics VALUES(279, 'Timotei Neagoe', 9, 20);
INSERT INTO medics VALUES(280, 'Ariana Pintilie', 10, 4);
INSERT INTO medics VALUES(281, 'Paul Marginean', 11, 18);
INSERT INTO medics VALUES(282, 'Corneliu Dan', 12, 5);
INSERT INTO medics VALUES(283, 'Aura Turcu', 13, 5);
INSERT INTO medics VALUES(284, 'Ilarie Voinea', 14, 14);
INSERT INTO medics VALUES(285, 'Angel Dinca', 15, 9);
INSERT INTO medics VALUES(286, 'Robert Dima', 16, 3);
INSERT INTO medics VALUES(287, 'Rares Anghel', 17, 1);
INSERT INTO medics VALUES(288, 'Antoaneta Radoi', 18, 7);
INSERT INTO medics VALUES(289, 'Ludmila Marcu', 1, 17);
INSERT INTO medics VALUES(290, 'Cristobal Ardeleanu', 2, 8);
INSERT INTO medics VALUES(291, 'Dragos Filimon', 3, 15);
INSERT INTO medics VALUES(292, 'Ilarion Mircea', 4, 19);
INSERT INTO medics VALUES(293, 'Matei Niculae', 5, 3);
INSERT INTO medics VALUES(294, 'Laurentiu Nechita', 6, 14);
INSERT INTO medics VALUES(295, 'Costin Florescu', 7, 9);
INSERT INTO medics VALUES(296, 'Aura Ichim', 8, 6);
INSERT INTO medics VALUES(297, 'Nicoleta Mateescu', 9, 12);
INSERT INTO medics VALUES(298, 'Sonia Necula', 10, 4);
INSERT INTO medics VALUES(299, 'Eusebia Crisan', 11, 3);
INSERT INTO medics VALUES(300, 'Niculina Dumitrescu', 12, 1);
INSERT INTO medics VALUES(301, 'Nicolaie Tomescu', 13, 8);
INSERT INTO medics VALUES(302, 'Giorgiana Radulescu', 14, 16);
INSERT INTO medics VALUES(303, 'Florea Olteanu', 15, 15);
INSERT INTO medics VALUES(304, 'Corina Iancu', 16, 3);
INSERT INTO medics VALUES(305, 'Simina Necula', 17, 9);
INSERT INTO medics VALUES(306, 'Cazimir Dumitriu', 18, 3);
INSERT INTO medics VALUES(307, 'Ariana Grigore', 1, 12);
INSERT INTO medics VALUES(308, 'Silviana Florescu', 2, 11);
INSERT INTO medics VALUES(309, 'Oliviu Rotaru', 3, 14);
INSERT INTO medics VALUES(310, 'Ernest Boboc', 4, 18);
INSERT INTO medics VALUES(311, 'Marius Veres', 5, 16);
INSERT INTO medics VALUES(312, 'Elvira Trandafir', 6, 20);
INSERT INTO medics VALUES(313, 'Marinela Miron', 7, 6);
INSERT INTO medics VALUES(314, 'Gabriel Ilie', 8, 19);
INSERT INTO medics VALUES(315, 'Zeno Dima', 9, 12);
INSERT INTO medics VALUES(316, 'Eusebia Munteanu', 10, 14);
INSERT INTO medics VALUES(317, 'Emilia Dumitrascu', 11, 12);
INSERT INTO medics VALUES(318, 'Dana Danciu', 12, 7);
INSERT INTO medics VALUES(319, 'Olivia Adam', 13, 20);
INSERT INTO medics VALUES(320, 'Sanziana Marginean', 14, 18);
INSERT INTO medics VALUES(321, 'Bernard Moraru', 15, 13);
INSERT INTO medics VALUES(322, 'Nelu Apostol', 16, 4);
INSERT INTO medics VALUES(323, 'Ernest Botezatu', 17, 17);
INSERT INTO medics VALUES(324, 'Floriana Oltean', 18, 19);
INSERT INTO medics VALUES(325, 'Maximilian Dumitrache', 1, 19);
INSERT INTO medics VALUES(326, 'Amedeu Maftei', 2, 11);
INSERT INTO medics VALUES(327, 'Ilarie Gheorghita', 3, 6);
INSERT INTO medics VALUES(328, 'Ladislau Pana', 4, 13);
INSERT INTO medics VALUES(329, 'Antonia Opris', 5, 4);
INSERT INTO medics VALUES(330, 'Zeno Vasile', 6, 20);
INSERT INTO medics VALUES(331, 'Casian Radulescu', 7, 20);
INSERT INTO medics VALUES(332, 'Ilie Rosu', 8, 17);
INSERT INTO medics VALUES(333, 'Sandu Zaharia', 9, 14);
INSERT INTO medics VALUES(334, 'Gicu Nita', 10, 16);
INSERT INTO medics VALUES(335, 'Ilarie Marginean', 11, 4);
INSERT INTO medics VALUES(336, 'Laurentiu Gavrila', 12, 16);
INSERT INTO medics VALUES(337, 'Ilie Paraschiv', 13, 12);
INSERT INTO medics VALUES(338, 'Valter Ungureanu', 14, 11);
INSERT INTO medics VALUES(339, 'Olga Farcas', 15, 14);
INSERT INTO medics VALUES(340, 'Bradut Micu', 16, 19);
INSERT INTO medics VALUES(341, 'Ernest Stefan', 17, 18);
INSERT INTO medics VALUES(342, 'Mirona Nagy', 18, 7);
INSERT INTO medics VALUES(343, 'Severina Antal', 1, 2);
INSERT INTO medics VALUES(344, 'Vladimir Draghici', 2, 10);
INSERT INTO medics VALUES(345, 'Veta Varga', 3, 1);
INSERT INTO medics VALUES(346, 'Adela Staicu', 4, 14);
INSERT INTO medics VALUES(347, 'Maia Dan', 5, 17);
INSERT INTO medics VALUES(348, 'Paul Toader', 6, 7);
INSERT INTO medics VALUES(349, 'Gabriel Andrei', 7, 17);
INSERT INTO medics VALUES(350, 'Georgeta Musat', 8, 2);
INSERT INTO medics VALUES(351, 'Emanuil Oprea', 9, 11);
INSERT INTO medics VALUES(352, 'Casiana Danila', 10, 13);
INSERT INTO medics VALUES(353, 'Lorin Banica', 11, 5);
INSERT INTO medics VALUES(354, 'Georgian Dan', 12, 6);
INSERT INTO medics VALUES(355, 'Mioara Enache', 13, 2);
INSERT INTO medics VALUES(356, 'Eleonora Negoita', 14, 20);
INSERT INTO medics VALUES(357, 'Diana Constantin', 15, 5);
INSERT INTO medics VALUES(358, 'Vlad Micu', 16, 3);
INSERT INTO medics VALUES(359, 'Stana Damian', 17, 19);
INSERT INTO medics VALUES(360, 'Varvara Bota', 18, 15);
INSERT INTO medics VALUES(361, 'Paulica Sava', 1, 8);
INSERT INTO medics VALUES(362, 'Elisabeta Tanase', 2, 15);
INSERT INTO medics VALUES(363, 'Arian Nastase', 3, 5);
INSERT INTO medics VALUES(364, 'Costel Banica', 4, 6);
INSERT INTO medics VALUES(365, 'Damian Antal', 5, 6);
INSERT INTO medics VALUES(366, 'Haralamb Sarbu', 6, 4);
INSERT INTO medics VALUES(367, 'Severina Nicolae', 7, 11);
INSERT INTO medics VALUES(368, 'Zaraza Dima', 8, 19);
INSERT INTO medics VALUES(369, 'Haralambie Dima', 9, 11);
INSERT INTO medics VALUES(370, 'Grigore Rus', 10, 2);
INSERT INTO medics VALUES(371, 'Magdalena Toma', 11, 2);
INSERT INTO medics VALUES(372, 'Rafila Chis', 12, 7);
INSERT INTO medics VALUES(373, 'Lica Popovici', 13, 13);
INSERT INTO medics VALUES(374, 'Iacob Moldovan', 14, 7);
INSERT INTO medics VALUES(375, 'Anton Stanciu', 15, 13);
INSERT INTO medics VALUES(376, 'Dafina Muntean', 16, 3);
INSERT INTO medics VALUES(377, 'Eftimia Dan', 17, 17);
INSERT INTO medics VALUES(378, 'Astrid Necula', 18, 8);
INSERT INTO medics VALUES(379, 'Silvana Oprea', 1, 5);
INSERT INTO medics VALUES(380, 'Delia Cucu', 2, 6);
INSERT INTO medics VALUES(381, 'Ivona Bodea', 3, 12);
INSERT INTO medics VALUES(382, 'Patru Cosma', 4, 17);
INSERT INTO medics VALUES(383, 'Mihail Toth', 5, 11);
INSERT INTO medics VALUES(384, 'Ecaterina Toader', 6, 6);
INSERT INTO medics VALUES(385, 'Bebe Damian', 7, 19);
INSERT INTO medics VALUES(386, 'Ilie Nicolescu', 8, 9);
INSERT INTO medics VALUES(387, 'Roxelana Alexandrescu', 9, 14);
INSERT INTO medics VALUES(388, 'Marcheta Ilie', 10, 17);
INSERT INTO medics VALUES(389, 'Andrada Stoica', 11, 4);
INSERT INTO medics VALUES(390, 'Romanita Craciun', 12, 3);
INSERT INTO medics VALUES(391, 'Dragos Fratila', 13, 10);
INSERT INTO medics VALUES(392, 'Robertina Veres', 14, 14);
INSERT INTO medics VALUES(393, 'Antoniu Dogaru', 15, 16);
INSERT INTO medics VALUES(394, 'Lavinia Ignat', 16, 12);
INSERT INTO medics VALUES(395, 'Cristofor Szasz', 17, 2);
INSERT INTO medics VALUES(396, 'Ruxandra Ursu', 18, 1);
INSERT INTO medics VALUES(397, 'Iuliu Maxim', 1, 1);
INSERT INTO medics VALUES(398, 'Florica Grecu', 2, 20);
INSERT INTO medics VALUES(399, 'Dorin Chirita', 3, 2);
INSERT INTO medics VALUES(400, 'Dominic Panait', 4, 9);
INSERT INTO medics VALUES(401, 'Alexandrina Maxim', 5, 6);
INSERT INTO medics VALUES(402, 'Emanuil Petcu', 6, 15);
INSERT INTO medics VALUES(403, 'Malina Giurgiu', 7, 12);
INSERT INTO medics VALUES(404, 'Voicu Iordache', 8, 19);
INSERT INTO medics VALUES(405, 'Martin Bunea', 9, 16);
INSERT INTO medics VALUES(406, 'Celia Moldovan', 10, 9);
INSERT INTO medics VALUES(407, 'Mioara Dumitru', 11, 10);
INSERT INTO medics VALUES(408, 'Horatiu Mircea', 12, 20);
INSERT INTO medics VALUES(409, 'Dariana Roman', 13, 10);
INSERT INTO medics VALUES(410, 'Fiona Istrate', 14, 17);
INSERT INTO medics VALUES(411, 'Cedrin Constantinescu', 15, 2);
INSERT INTO medics VALUES(412, 'Francesca Niculae', 16, 14);
INSERT INTO medics VALUES(413, 'Cantemir Balint', 17, 15);
INSERT INTO medics VALUES(414, 'Pavel Ionita', 18, 20);
INSERT INTO medics VALUES(415, 'Safta Dragan', 1, 6);
INSERT INTO medics VALUES(416, 'Dina Niculae', 2, 16);
INSERT INTO medics VALUES(417, 'Iustina Oancea', 3, 19);
INSERT INTO medics VALUES(418, 'Bogdan Lupu', 4, 15);
INSERT INTO medics VALUES(419, 'Constanta Pascu', 5, 12);
INSERT INTO medics VALUES(420, 'Nadia Neacsu', 6, 20);
INSERT INTO medics VALUES(421, 'Petronela Ionescu', 7, 1);
INSERT INTO medics VALUES(422, 'Aurelian Trandafir', 8, 11);
INSERT INTO medics VALUES(423, 'Olimpia Craciun', 9, 18);
INSERT INTO medics VALUES(424, 'Artemisa Vintila', 10, 2);
INSERT INTO medics VALUES(425, 'Sonia Luca', 11, 10);
INSERT INTO medics VALUES(426, 'Clara Marin', 12, 6);
INSERT INTO medics VALUES(427, 'Aurica Mihai', 13, 17);
INSERT INTO medics VALUES(428, 'Eliana Iliescu', 14, 12);
INSERT INTO medics VALUES(429, 'Florian Voinea', 15, 13);
INSERT INTO medics VALUES(430, 'Iridenta Gabor', 16, 5);
INSERT INTO medics VALUES(431, 'Vasilica Trifan', 17, 15);
INSERT INTO medics VALUES(432, 'Marcela Kiss', 18, 17);
INSERT INTO medics VALUES(433, 'Mariuca Filip', 1, 19);
INSERT INTO medics VALUES(434, 'Paulina Iorga', 2, 17);
INSERT INTO medics VALUES(435, 'Elisabeta Stancu', 3, 10);
INSERT INTO medics VALUES(436, 'Victor Iancu', 4, 6);
INSERT INTO medics VALUES(437, 'Hortensia Istrate', 5, 5);
INSERT INTO medics VALUES(438, 'Arian Mocanu', 6, 16);
INSERT INTO medics VALUES(439, 'Liana Gherman', 7, 3);
INSERT INTO medics VALUES(440, 'Iacob Popescu', 8, 5);
INSERT INTO medics VALUES(441, 'Cosmin Costea', 9, 1);
INSERT INTO medics VALUES(442, 'Adina Constantin', 10, 15);
INSERT INTO medics VALUES(443, 'Teodor Rus', 11, 10);
INSERT INTO medics VALUES(444, 'Emanuela Dogaru', 12, 20);
INSERT INTO medics VALUES(445, 'Venera Dumitrache', 13, 20);
INSERT INTO medics VALUES(446, 'Octavian Ciocan', 14, 12);
INSERT INTO medics VALUES(447, 'Amedeu Miron', 15, 20);
INSERT INTO medics VALUES(448, 'Ecaterina Manolache', 16, 16);
INSERT INTO medics VALUES(449, 'Darius Danila', 17, 1);
INSERT INTO medics VALUES(450, 'Alina Solomon', 18, 9);
INSERT INTO medics VALUES(451, 'Marin Niculae', 1, 3);
INSERT INTO medics VALUES(452, 'Beniamin Pasca', 2, 13);
INSERT INTO medics VALUES(453, 'Cristian Teodorescu', 3, 12);
INSERT INTO medics VALUES(454, 'Arina Ghita', 4, 19);
INSERT INTO medics VALUES(455, 'Camelia Parvu', 5, 1);
INSERT INTO medics VALUES(456, 'Isabela Pavel', 6, 9);
INSERT INTO medics VALUES(457, 'Teohari Voicu', 7, 14);
INSERT INTO medics VALUES(458, 'Bradut Antal', 8, 16);
INSERT INTO medics VALUES(459, 'Marilena Stefanescu', 9, 20);
INSERT INTO medics VALUES(460, 'Dumitru Irimia', 10, 5);
INSERT INTO medics VALUES(461, 'Savina Preda', 11, 18);
INSERT INTO medics VALUES(462, 'Octaviana Rusu', 12, 9);
INSERT INTO medics VALUES(463, 'Gratiana Mihailescu', 13, 8);
INSERT INTO medics VALUES(464, 'Felicia Marginean', 14, 20);
INSERT INTO medics VALUES(465, 'Denis Vintila', 15, 20);
INSERT INTO medics VALUES(466, 'Georgel Vasiliu', 16, 16);
INSERT INTO medics VALUES(467, 'Nicolaie Iliescu', 17, 19);
INSERT INTO medics VALUES(468, 'Avram Popa', 18, 12);
INSERT INTO medics VALUES(469, 'Mina Costin', 1, 1);
INSERT INTO medics VALUES(470, 'Marius Ardelean', 2, 4);
INSERT INTO medics VALUES(471, 'Barbu Opris', 3, 3);
INSERT INTO medics VALUES(472, 'Alistar Adam', 4, 20);
INSERT INTO medics VALUES(473, 'Ivan Istrate', 5, 20);
INSERT INTO medics VALUES(474, 'Georgel Trifan', 6, 1);
INSERT INTO medics VALUES(475, 'Celia Diaconescu', 7, 2);
INSERT INTO medics VALUES(476, 'Dina Opris', 8, 7);
INSERT INTO medics VALUES(477, 'Iuliana Zaharia', 9, 18);
INSERT INTO medics VALUES(478, 'Liviu Apostol', 10, 13);
INSERT INTO medics VALUES(479, 'Marioara Balint', 11, 19);
INSERT INTO medics VALUES(480, 'Voichita Constantin', 12, 20);
INSERT INTO medics VALUES(481, 'Natalia Dinu', 13, 18);
INSERT INTO medics VALUES(482, 'Dinu Varga', 14, 8);
INSERT INTO medics VALUES(483, 'Lidia Cozma', 15, 19);
INSERT INTO medics VALUES(484, 'Zoe Crisan', 16, 16);
INSERT INTO medics VALUES(485, 'Gratian Luca', 17, 20);
INSERT INTO medics VALUES(486, 'Laurentiu Radoi', 18, 1);
INSERT INTO medics VALUES(487, 'Anamaria Morar', 1, 10);
INSERT INTO medics VALUES(488, 'Nicuta Man', 2, 3);
INSERT INTO medics VALUES(489, 'Edmond Dumitrescu', 3, 7);
INSERT INTO medics VALUES(490, 'Georgian Iacob', 4, 5);
INSERT INTO medics VALUES(491, 'Teofil Constantinescu', 5, 20);
INSERT INTO medics VALUES(492, 'Casandra Mihai', 6, 18);
INSERT INTO medics VALUES(493, 'Iridenta Rosu', 7, 7);
INSERT INTO medics VALUES(494, 'Cerasela Mateescu', 8, 8);
INSERT INTO medics VALUES(495, 'Vladimir Nica', 9, 1);
INSERT INTO medics VALUES(496, 'Antoaneta Dinu', 10, 17);
INSERT INTO medics VALUES(497, 'Severina Cristea', 11, 19);
INSERT INTO medics VALUES(498, 'Denis Radoi', 12, 15);
INSERT INTO medics VALUES(499, 'Virginia Paduraru', 13, 15);
INSERT INTO medics VALUES(500, 'Zaraza Dogaru', 14, 7);
INSERT INTO medics VALUES(501, 'Savina Dragomir', 15, 3);
INSERT INTO medics VALUES(502, 'Arian Vasiliu', 16, 13);
INSERT INTO medics VALUES(503, 'Leontina Kovacs', 17, 16);
INSERT INTO medics VALUES(504, 'Caterina Muntean', 18, 18);
INSERT INTO medics VALUES(505, 'Codin Adam', 1, 5);
INSERT INTO medics VALUES(506, 'Izabela Stefan', 2, 12);
INSERT INTO medics VALUES(507, 'Lucretiu Ion', 3, 5);
INSERT INTO medics VALUES(508, 'Ionica Iacob', 4, 14);
INSERT INTO medics VALUES(509, 'Sergiu Negrea', 5, 11);
INSERT INTO medics VALUES(510, 'Corina Iordache', 6, 19);
INSERT INTO medics VALUES(511, 'Grigore Andrei', 7, 20);
INSERT INTO medics VALUES(512, 'Ladislau Croitoru', 8, 14);
INSERT INTO medics VALUES(513, 'Ducu Dinca', 9, 4);
INSERT INTO medics VALUES(514, 'Catalin Fodor', 10, 10);
INSERT INTO medics VALUES(515, 'Anghelina Costache', 11, 8);
INSERT INTO medics VALUES(516, 'Ghenadie Stancu', 12, 3);
INSERT INTO medics VALUES(517, 'Dorin Olteanu', 13, 2);
INSERT INTO medics VALUES(518, 'Bradut Fodor', 14, 19);
INSERT INTO medics VALUES(519, 'Nicolae Militaru', 15, 5);
INSERT INTO medics VALUES(520, 'Ionel Ciobanu', 16, 1);
INSERT INTO medics VALUES(521, 'Damian Dan', 17, 10);
INSERT INTO medics VALUES(522, 'Bianca Sima', 18, 19);
INSERT INTO medics VALUES(523, 'Aurica Moraru', 1, 20);
INSERT INTO medics VALUES(524, 'Ludovic Manea', 2, 4);
INSERT INTO medics VALUES(525, 'Lucentiu Nastase', 3, 2);
INSERT INTO medics VALUES(526, 'Tudosia Moraru', 4, 12);
INSERT INTO medics VALUES(527, 'Timea Bogdan', 5, 18);
INSERT INTO medics VALUES(528, 'Gicu Visan', 6, 7);
INSERT INTO medics VALUES(529, 'Traian Miron', 7, 1);
INSERT INTO medics VALUES(530, 'Janina Danila', 8, 6);
INSERT INTO medics VALUES(531, 'Delia Ionita', 9, 6);
INSERT INTO medics VALUES(532, 'Ivona Nistor', 10, 17);
INSERT INTO medics VALUES(533, 'Stelian Antal', 11, 5);
INSERT INTO medics VALUES(534, 'Gabi Gavrila', 12, 8);
INSERT INTO medics VALUES(535, 'Narcis Nastase', 13, 11);
INSERT INTO medics VALUES(536, 'Mihail Opris', 14, 13);
INSERT INTO medics VALUES(537, 'Todor Georgescu', 15, 5);
INSERT INTO medics VALUES(538, 'Mirona Banu', 16, 8);
INSERT INTO medics VALUES(539, 'Doina Fratila', 17, 10);
INSERT INTO medics VALUES(540, 'Oana Draghici', 18, 15);
INSERT INTO medics VALUES(541, 'Tudora Croitoru', 1, 17);
INSERT INTO medics VALUES(542, 'Iustina Stoian', 2, 19);
INSERT INTO medics VALUES(543, 'Crina Fratila', 3, 16);
INSERT INTO medics VALUES(544, 'Cedrin Mateescu', 4, 3);
INSERT INTO medics VALUES(545, 'Janina Roman', 5, 18);
INSERT INTO medics VALUES(546, 'Niculita Alexandru', 6, 18);
INSERT INTO medics VALUES(547, 'Monica Savu', 7, 5);
INSERT INTO medics VALUES(548, 'Smaranda Ciocan', 8, 1);
INSERT INTO medics VALUES(549, 'Gheorghita Horvath', 9, 16);
INSERT INTO medics VALUES(550, 'Augustina Zamfir', 10, 5);
INSERT INTO medics VALUES(551, 'Jasmina Istrate', 11, 16);
INSERT INTO medics VALUES(552, 'Emanuil Mazilu', 12, 17);
INSERT INTO medics VALUES(553, 'Casandra Preda', 13, 5);
INSERT INTO medics VALUES(554, 'Adi Danila', 14, 6);
INSERT INTO medics VALUES(555, 'Nicusor Serban', 15, 7);
INSERT INTO medics VALUES(556, 'Timea Nita', 16, 16);
INSERT INTO medics VALUES(557, 'Cezar Radu', 17, 14);
INSERT INTO medics VALUES(558, 'Eugen Tataru', 18, 5);
INSERT INTO medics VALUES(559, 'Cosmina Calin', 1, 14);
INSERT INTO medics VALUES(560, 'Raducu Luca', 2, 18);
INSERT INTO medics VALUES(561, 'Axinte Dragoi', 3, 15);
INSERT INTO medics VALUES(562, 'Romina Marian', 4, 20);
INSERT INTO medics VALUES(563, 'Tiberia Bucur', 5, 6);
INSERT INTO medics VALUES(564, 'Adelina Vlad', 6, 12);
INSERT INTO medics VALUES(565, 'Avram Pintea', 7, 5);
INSERT INTO medics VALUES(566, 'Cedrin Cosma', 8, 8);
INSERT INTO medics VALUES(567, 'Vasilica Botezatu', 9, 11);
INSERT INTO medics VALUES(568, 'Clarisa Kovacs', 10, 1);
INSERT INTO medics VALUES(569, 'Alice Preda', 11, 9);
INSERT INTO medics VALUES(570, 'Antonela Voicu', 12, 6);
INSERT INTO medics VALUES(571, 'Amza Rosu', 13, 13);
INSERT INTO medics VALUES(572, 'Teodor Roman', 14, 12);
INSERT INTO medics VALUES(573, 'Catrina Neamtu', 15, 6);
INSERT INTO medics VALUES(574, 'Eftimie Danciu', 16, 17);
INSERT INTO medics VALUES(575, 'Eliza Neamtu', 17, 19);
INSERT INTO medics VALUES(576, 'Antoniu Anghel', 18, 17);
INSERT INTO medics VALUES(577, 'Casiana Albu', 1, 5);
INSERT INTO medics VALUES(578, 'Ecaterina Vasile', 2, 18);
INSERT INTO medics VALUES(579, 'Mitica Man', 3, 5);
INSERT INTO medics VALUES(580, 'Nicodim Turcu', 4, 12);
INSERT INTO medics VALUES(581, 'Eliana Draghici', 5, 7);
INSERT INTO medics VALUES(582, 'Agripina David', 6, 10);
INSERT INTO medics VALUES(583, 'Tiberia Szabo', 7, 10);
INSERT INTO medics VALUES(584, 'Bartolomeu Prodan', 8, 1);
INSERT INTO medics VALUES(585, 'Giorgiana Tudose', 9, 10);
INSERT INTO medics VALUES(586, 'Aura Stanciu', 10, 12);
INSERT INTO medics VALUES(587, 'Alberta Ene', 11, 11);
INSERT INTO medics VALUES(588, 'Oana Radoi', 12, 14);
INSERT INTO medics VALUES(589, 'Aneta Grigoras', 13, 12);
INSERT INTO medics VALUES(590, 'Claudiu Vasile', 14, 16);
INSERT INTO medics VALUES(591, 'Domnica Ardeleanu', 15, 20);
INSERT INTO medics VALUES(592, 'Olimpia Puiu', 16, 8);
INSERT INTO medics VALUES(593, 'Teodor Ursu', 17, 8);
INSERT INTO medics VALUES(594, 'Decebal Ursu', 18, 2);
INSERT INTO medics VALUES(595, 'Codruta Zamfir', 1, 4);
INSERT INTO medics VALUES(596, 'Mugur Danila', 2, 10);
INSERT INTO medics VALUES(597, 'Melania Mocanu', 3, 13);
INSERT INTO medics VALUES(598, 'Carina Ionescu', 4, 6);
INSERT INTO medics VALUES(599, 'Stan Gheorghiu', 5, 5);
INSERT INTO medics VALUES(600, 'Mona Badea', 6, 16);
INSERT INTO medics VALUES(601, 'Silvian Nagy', 7, 7);
INSERT INTO medics VALUES(602, 'Ianis Botezatu', 8, 16);
INSERT INTO medics VALUES(603, 'Veta Turcu', 9, 16);
INSERT INTO medics VALUES(604, 'Ludmila Nicolescu', 10, 12);
INSERT INTO medics VALUES(605, 'Antoaneta Mocanu', 11, 11);
INSERT INTO medics VALUES(606, 'Grigore Vintila', 12, 12);
INSERT INTO medics VALUES(607, 'Georgel Costin', 13, 4);
INSERT INTO medics VALUES(608, 'Gica Gavrila', 14, 11);
INSERT INTO medics VALUES(609, 'Octaviana Popovici', 15, 2);
INSERT INTO medics VALUES(610, 'Dominic Enache', 16, 4);
INSERT INTO medics VALUES(611, 'Nicuta Ion', 17, 15);
INSERT INTO medics VALUES(612, 'Voichita Iosif', 18, 10);
INSERT INTO medics VALUES(613, 'Camelia Fodor', 1, 16);
INSERT INTO medics VALUES(614, 'Panagachie Pavel', 2, 5);
INSERT INTO medics VALUES(615, 'Filofteia Fratila', 3, 18);
INSERT INTO medics VALUES(616, 'Malina Duta', 4, 7);
INSERT INTO medics VALUES(617, 'Ioanina Ignat', 5, 6);
INSERT INTO medics VALUES(618, 'Ilona Radulescu', 6, 20);
INSERT INTO medics VALUES(619, 'Gicu Draghici', 7, 17);
INSERT INTO medics VALUES(620, 'Denis Muntean', 8, 10);
INSERT INTO medics VALUES(621, 'Ilarion Puiu', 9, 5);
INSERT INTO medics VALUES(622, 'Amanda Cojocaru', 10, 5);
INSERT INTO medics VALUES(623, 'Petre Muresan', 11, 15);
INSERT INTO medics VALUES(624, 'Dorian Dobre', 12, 4);
INSERT INTO medics VALUES(625, 'Aureliana Iordache', 13, 19);
INSERT INTO medics VALUES(626, 'Oana Enache', 14, 6);
INSERT INTO medics VALUES(627, 'Nicu Cazacu', 15, 3);
INSERT INTO medics VALUES(628, 'Laurian Rosca', 16, 19);
INSERT INTO medics VALUES(629, 'Anuta Cozma', 17, 1);
INSERT INTO medics VALUES(630, 'Simi Pirvu', 18, 10);
INSERT INTO medics VALUES(631, 'Bogdan Niculae', 1, 4);
INSERT INTO medics VALUES(632, 'Petrut Voicu', 2, 20);
INSERT INTO medics VALUES(633, 'Blanduzia Balint', 3, 7);
INSERT INTO medics VALUES(634, 'Miron Chirila', 4, 14);
INSERT INTO medics VALUES(635, 'Gratian Biro', 5, 15);
INSERT INTO medics VALUES(636, 'Lucian Moga', 6, 11);
INSERT INTO medics VALUES(637, 'Maxim Catana', 7, 11);
INSERT INTO medics VALUES(638, 'Emanoil Ionita', 8, 19);
INSERT INTO medics VALUES(639, 'Luana Badea', 9, 17);
INSERT INTO medics VALUES(640, 'Iustin Morar', 10, 14);
INSERT INTO medics VALUES(641, 'Gabriela Pintea', 11, 15);
INSERT INTO medics VALUES(642, 'Anda Moga', 12, 9);
INSERT INTO medics VALUES(643, 'Nora Tudorache', 13, 4);
INSERT INTO medics VALUES(644, 'Alexandrina Ardeleanu', 14, 17);
INSERT INTO medics VALUES(645, 'Iacob Marginean', 15, 10);
INSERT INTO medics VALUES(646, 'Catrina Negoita', 16, 15);
INSERT INTO medics VALUES(647, 'Diana Dumitriu', 17, 3);
INSERT INTO medics VALUES(648, 'Bradut Stanciu', 18, 8);
INSERT INTO medics VALUES(649, 'Dorinel Burlacu', 1, 12);
INSERT INTO medics VALUES(650, 'Niculita Petrescu', 2, 6);
INSERT INTO medics VALUES(651, 'Oana Simion', 3, 4);
INSERT INTO medics VALUES(652, 'Melania Bodea', 4, 18);
INSERT INTO medics VALUES(653, 'Natasa Achim', 5, 1);
INSERT INTO medics VALUES(654, 'Florenta Draghici', 6, 8);
INSERT INTO medics VALUES(655, 'Ligia Radoi', 7, 16);
INSERT INTO medics VALUES(656, 'Mihnea Dumitrascu', 8, 12);
INSERT INTO medics VALUES(657, 'Beniamin Prodan', 9, 10);
INSERT INTO medics VALUES(658, 'Oliviu Mirea', 10, 11);
INSERT INTO medics VALUES(659, 'Remus Kiss', 11, 16);
INSERT INTO medics VALUES(660, 'Todor Alexa', 12, 10);
INSERT INTO medics VALUES(661, 'Codrina Militaru', 13, 8);
INSERT INTO medics VALUES(662, 'Iolanda Matei', 14, 16);
INSERT INTO medics VALUES(663, 'Voichita Petre', 15, 10);
INSERT INTO medics VALUES(664, 'Romina Luca', 16, 20);
INSERT INTO medics VALUES(665, 'Ionica Lupu', 17, 10);
INSERT INTO medics VALUES(666, 'Svetlana Marin', 18, 19);
INSERT INTO medics VALUES(667, 'Antonela Man', 1, 12);
INSERT INTO medics VALUES(668, 'Domnica Enache', 2, 19);
INSERT INTO medics VALUES(669, 'Lucia Stanciu', 3, 18);
INSERT INTO medics VALUES(670, 'Laurian Tudorache', 4, 11);
INSERT INTO medics VALUES(671, 'Minodora Fratila', 5, 5);
INSERT INTO medics VALUES(672, 'Anabela Nitu', 6, 10);
INSERT INTO medics VALUES(673, 'Vladimir Ursu', 7, 4);
INSERT INTO medics VALUES(674, 'Evelina Toth', 8, 13);
INSERT INTO medics VALUES(675, 'Floriana Vaduva', 9, 13);
INSERT INTO medics VALUES(676, 'Floriana Serban', 10, 10);
INSERT INTO medics VALUES(677, 'Iosefina Opris', 11, 2);
INSERT INTO medics VALUES(678, 'Mitica Stancu', 12, 20);
INSERT INTO medics VALUES(679, 'Raducu Marginean', 13, 8);
INSERT INTO medics VALUES(680, 'Petruta Blaga', 14, 7);
INSERT INTO medics VALUES(681, 'Aureliana Roman', 15, 3);
INSERT INTO medics VALUES(682, 'Profira Petrea', 16, 5);
INSERT INTO medics VALUES(683, 'Simion Iordache', 17, 8);
INSERT INTO medics VALUES(684, 'Pompilia Iorga', 18, 17);
INSERT INTO medics VALUES(685, 'Adelin Ionita', 1, 20);
INSERT INTO medics VALUES(686, 'Smaranda Ionescu', 2, 3);
INSERT INTO medics VALUES(687, 'Alexandru Vasile', 3, 15);
INSERT INTO medics VALUES(688, 'Zaharia Paraschiv', 4, 8);
INSERT INTO medics VALUES(689, 'Casian Stan', 5, 12);
INSERT INTO medics VALUES(690, 'Vicentiu Pintilie', 6, 6);
INSERT INTO medics VALUES(691, 'Anuta Staicu', 7, 6);
INSERT INTO medics VALUES(692, 'Tudora Adam', 8, 9);
INSERT INTO medics VALUES(693, 'Mircea Szasz', 9, 19);
INSERT INTO medics VALUES(694, 'Emanuil Nicolae', 10, 4);
INSERT INTO medics VALUES(695, 'Ionica Nicolae', 11, 7);
INSERT INTO medics VALUES(696, 'Leontin Cozma', 12, 8);
INSERT INTO medics VALUES(697, 'Nadia Pop', 13, 8);
INSERT INTO medics VALUES(698, 'Marta Stefan', 14, 6);
INSERT INTO medics VALUES(699, 'Florin Iancu', 15, 16);
INSERT INTO medics VALUES(700, 'Ducu Cretu', 16, 4);
INSERT INTO medics VALUES(701, 'Florentina Trifan', 17, 3);
INSERT INTO medics VALUES(702, 'Adrian Musat', 18, 14);
INSERT INTO medics VALUES(703, 'Raul Simon', 1, 12);
INSERT INTO medics VALUES(704, 'Ilarie Necula', 2, 7);
INSERT INTO medics VALUES(705, 'Adonis Milea', 3, 14);
INSERT INTO medics VALUES(706, 'Leonard Mircea', 4, 18);
INSERT INTO medics VALUES(707, 'Aurica Prodan', 5, 14);
INSERT INTO medics VALUES(708, 'Iolanda Ilie', 6, 14);
INSERT INTO medics VALUES(709, 'Iuliu Molnar', 7, 11);
INSERT INTO medics VALUES(710, 'Lica Ignat', 8, 17);
INSERT INTO medics VALUES(711, 'Marilena Maxim', 9, 5);
INSERT INTO medics VALUES(712, 'Romulus Preda', 10, 3);
INSERT INTO medics VALUES(713, 'Liliana Ivan', 11, 10);
INSERT INTO medics VALUES(714, 'Tudor Vasiliu', 12, 5);
INSERT INTO medics VALUES(715, 'Timotei Cojocaru', 13, 2);
INSERT INTO medics VALUES(716, 'Luiza Ganea', 14, 12);
INSERT INTO medics VALUES(717, 'Simona Draghici', 15, 2);
INSERT INTO medics VALUES(718, 'Antonie Macovei', 16, 14);
INSERT INTO medics VALUES(719, 'Ioana Dobre', 17, 2);
INSERT INTO medics VALUES(720, 'Inocentiu Dan', 18, 4);
INSERT INTO medics VALUES(721, 'Serban Miu', 1, 19);
INSERT INTO medics VALUES(722, 'Paraschiva Opris', 2, 10);
INSERT INTO medics VALUES(723, 'Sonia Grecu', 3, 17);
INSERT INTO medics VALUES(724, 'Amza Matei', 4, 17);
INSERT INTO medics VALUES(725, 'Georgia Oltean', 5, 1);
INSERT INTO medics VALUES(726, 'Jana Mihaila', 6, 12);
INSERT INTO medics VALUES(727, 'Iustina Ispas', 7, 3);
INSERT INTO medics VALUES(728, 'Luiza Teodorescu', 8, 8);
INSERT INTO medics VALUES(729, 'Raul Grigoras', 9, 13);
INSERT INTO medics VALUES(730, 'Stan Draghici', 10, 1);
INSERT INTO medics VALUES(731, 'Cedrin Nastase', 11, 3);
INSERT INTO medics VALUES(732, 'Achim Bratu', 12, 20);
INSERT INTO medics VALUES(733, 'Viviana Tanase', 13, 3);
INSERT INTO medics VALUES(734, 'Teodora Bejan', 14, 6);
INSERT INTO medics VALUES(735, 'Cristea Tomescu', 15, 2);
INSERT INTO medics VALUES(736, 'Mitrut Martin', 16, 5);
INSERT INTO medics VALUES(737, 'Salomea Zamfir', 17, 7);
INSERT INTO medics VALUES(738, 'Nicusor Nechita', 18, 14);
INSERT INTO medics VALUES(739, 'Denis Alexa', 1, 1);
INSERT INTO medics VALUES(740, 'Irina Voicu', 2, 7);
INSERT INTO medics VALUES(741, 'Tinca Dumitrache', 3, 4);
INSERT INTO medics VALUES(742, 'Elisabeta Georgescu', 4, 10);
INSERT INTO medics VALUES(743, 'Lucretiu Dumitrescu', 5, 2);
INSERT INTO medics VALUES(744, 'Clarisa Chirila', 6, 14);
INSERT INTO medics VALUES(745, 'Emanuil Olaru', 7, 1);
INSERT INTO medics VALUES(746, 'Gicu Baciu', 8, 13);
INSERT INTO medics VALUES(747, 'Roxelana Tanase', 9, 11);
INSERT INTO medics VALUES(748, 'Titus Moraru', 10, 2);
INSERT INTO medics VALUES(749, 'Petrut Ursu', 11, 18);
INSERT INTO medics VALUES(750, 'Delia Tudose', 12, 20);
INSERT INTO medics VALUES(751, 'Corina Giurgiu', 13, 6);
INSERT INTO medics VALUES(752, 'Iuliana Marcu', 14, 19);
INSERT INTO medics VALUES(753, 'Felix Zaharia', 15, 7);
INSERT INTO medics VALUES(754, 'Andreea Popovici', 16, 10);
INSERT INTO medics VALUES(755, 'Virginia Mateescu', 17, 15);
INSERT INTO medics VALUES(756, 'Toma Tudor', 18, 19);
INSERT INTO medics VALUES(757, 'Augustina Miu', 1, 4);
INSERT INTO medics VALUES(758, 'Decebal Cornea', 2, 11);
INSERT INTO medics VALUES(759, 'Silvian Filimon', 3, 13);
INSERT INTO medics VALUES(760, 'Aleodor Balan', 4, 3);
INSERT INTO medics VALUES(761, 'Ionelia Croitoru', 5, 6);
INSERT INTO medics VALUES(762, 'Stelian Muntean', 6, 13);
INSERT INTO medics VALUES(763, 'Gicu Morar', 7, 17);
INSERT INTO medics VALUES(764, 'Constantin Blaga', 8, 4);
INSERT INTO medics VALUES(765, 'Iacob Blaga', 9, 11);
INSERT INTO medics VALUES(766, 'Titus Radoi', 10, 20);
INSERT INTO medics VALUES(767, 'Vicentiu Micu', 11, 15);
INSERT INTO medics VALUES(768, 'Aristide Rusu', 12, 13);
INSERT INTO medics VALUES(769, 'Diana Moldovan', 13, 1);
INSERT INTO medics VALUES(770, 'Lucia Zaharia', 14, 6);
INSERT INTO medics VALUES(771, 'Vlaicu Toth', 15, 17);
INSERT INTO medics VALUES(772, 'Gelu Groza', 16, 11);
INSERT INTO medics VALUES(773, 'Nora Ciocan', 17, 9);
INSERT INTO medics VALUES(774, 'Mirela Cosma', 18, 12);
INSERT INTO medics VALUES(775, 'Agripina Zaharia', 19, 9);

-- Hospital medic data

INSERT INTO hospitals_medics VALUES(12, 1, '24-11-18');
INSERT INTO hospitals_medics VALUES(32, 1, '24-11-18');
INSERT INTO hospitals_medics VALUES(5, 2, '24-11-18');
INSERT INTO hospitals_medics VALUES(22, 2, '24-11-18');
INSERT INTO hospitals_medics VALUES(7, 3, '24-11-18');
INSERT INTO hospitals_medics VALUES(14, 3, '24-11-18');
INSERT INTO hospitals_medics VALUES(24, 4, '24-11-18');
INSERT INTO hospitals_medics VALUES(28, 4, '24-11-18');
INSERT INTO hospitals_medics VALUES(21, 5, '24-11-18');
INSERT INTO hospitals_medics VALUES(43, 5, '24-11-18');
INSERT INTO hospitals_medics VALUES(25, 6, '24-11-18');
INSERT INTO hospitals_medics VALUES(41, 6, '24-11-18');
INSERT INTO hospitals_medics VALUES(3, 7, '24-11-18');
INSERT INTO hospitals_medics VALUES(4, 7, '24-11-18');
INSERT INTO hospitals_medics VALUES(24, 8, '24-11-18');
INSERT INTO hospitals_medics VALUES(41, 8, '24-11-18');
INSERT INTO hospitals_medics VALUES(7, 9, '24-11-18');
INSERT INTO hospitals_medics VALUES(25, 9, '24-11-18');
INSERT INTO hospitals_medics VALUES(27, 10, '24-11-18');
INSERT INTO hospitals_medics VALUES(28, 10, '24-11-18');
INSERT INTO hospitals_medics VALUES(19, 11, '24-11-18');
INSERT INTO hospitals_medics VALUES(39, 11, '24-11-18');
INSERT INTO hospitals_medics VALUES(21, 12, '24-11-18');
INSERT INTO hospitals_medics VALUES(34, 12, '24-11-18');
INSERT INTO hospitals_medics VALUES(2, 13, '24-11-18');
INSERT INTO hospitals_medics VALUES(42, 13, '24-11-18');
INSERT INTO hospitals_medics VALUES(17, 14, '24-11-18');
INSERT INTO hospitals_medics VALUES(34, 14, '24-11-18');
INSERT INTO hospitals_medics VALUES(14, 15, '24-11-18');
INSERT INTO hospitals_medics VALUES(25, 15, '24-11-18');
INSERT INTO hospitals_medics VALUES(12, 16, '24-11-18');
INSERT INTO hospitals_medics VALUES(34, 16, '24-11-18');
INSERT INTO hospitals_medics VALUES(18, 17, '24-11-18');
INSERT INTO hospitals_medics VALUES(35, 17, '24-11-18');
INSERT INTO hospitals_medics VALUES(1, 18, '24-11-18');
INSERT INTO hospitals_medics VALUES(33, 18, '24-11-18');
INSERT INTO hospitals_medics VALUES(3, 19, '24-11-18');
INSERT INTO hospitals_medics VALUES(38, 19, '24-11-18');
INSERT INTO hospitals_medics VALUES(30, 20, '24-11-18');
INSERT INTO hospitals_medics VALUES(33, 20, '24-11-18');
INSERT INTO hospitals_medics VALUES(31, 21, '24-11-18');
INSERT INTO hospitals_medics VALUES(41, 21, '24-11-18');
INSERT INTO hospitals_medics VALUES(30, 22, '24-11-18');
INSERT INTO hospitals_medics VALUES(35, 22, '24-11-18');
INSERT INTO hospitals_medics VALUES(10, 23, '24-11-18');
INSERT INTO hospitals_medics VALUES(25, 23, '24-11-18');
INSERT INTO hospitals_medics VALUES(31, 24, '24-11-18');
INSERT INTO hospitals_medics VALUES(32, 24, '24-11-18');
INSERT INTO hospitals_medics VALUES(5, 25, '24-11-18');
INSERT INTO hospitals_medics VALUES(16, 25, '24-11-18');
INSERT INTO hospitals_medics VALUES(18, 26, '24-11-18');
INSERT INTO hospitals_medics VALUES(42, 26, '24-11-18');
INSERT INTO hospitals_medics VALUES(8, 27, '24-11-18');
INSERT INTO hospitals_medics VALUES(23, 27, '24-11-18');
INSERT INTO hospitals_medics VALUES(13, 28, '24-11-18');
INSERT INTO hospitals_medics VALUES(36, 28, '24-11-18');
INSERT INTO hospitals_medics VALUES(8, 29, '24-11-18');
INSERT INTO hospitals_medics VALUES(24, 29, '24-11-18');
INSERT INTO hospitals_medics VALUES(10, 30, '24-11-18');
INSERT INTO hospitals_medics VALUES(25, 30, '24-11-18');
INSERT INTO hospitals_medics VALUES(12, 31, '24-11-18');
INSERT INTO hospitals_medics VALUES(17, 31, '24-11-18');
INSERT INTO hospitals_medics VALUES(13, 32, '24-11-18');
INSERT INTO hospitals_medics VALUES(19, 32, '24-11-18');
INSERT INTO hospitals_medics VALUES(10, 33, '24-11-18');
INSERT INTO hospitals_medics VALUES(23, 33, '24-11-18');
INSERT INTO hospitals_medics VALUES(1, 34, '24-11-18');
INSERT INTO hospitals_medics VALUES(32, 34, '24-11-18');
INSERT INTO hospitals_medics VALUES(5, 35, '24-11-18');
INSERT INTO hospitals_medics VALUES(21, 35, '24-11-18');
INSERT INTO hospitals_medics VALUES(1, 36, '24-11-18');
INSERT INTO hospitals_medics VALUES(37, 36, '24-11-18');
INSERT INTO hospitals_medics VALUES(21, 37, '24-11-18');
INSERT INTO hospitals_medics VALUES(24, 37, '24-11-18');
INSERT INTO hospitals_medics VALUES(19, 38, '24-11-18');
INSERT INTO hospitals_medics VALUES(26, 38, '24-11-18');
INSERT INTO hospitals_medics VALUES(12, 39, '24-11-18');
INSERT INTO hospitals_medics VALUES(14, 39, '24-11-18');
INSERT INTO hospitals_medics VALUES(22, 40, '24-11-18');
INSERT INTO hospitals_medics VALUES(40, 40, '24-11-18');
INSERT INTO hospitals_medics VALUES(13, 41, '24-11-18');
INSERT INTO hospitals_medics VALUES(21, 41, '24-11-18');
INSERT INTO hospitals_medics VALUES(3, 42, '24-11-18');
INSERT INTO hospitals_medics VALUES(16, 42, '24-11-18');
INSERT INTO hospitals_medics VALUES(4, 43, '24-11-18');
INSERT INTO hospitals_medics VALUES(34, 43, '24-11-18');
INSERT INTO hospitals_medics VALUES(10, 44, '24-11-18');
INSERT INTO hospitals_medics VALUES(20, 44, '24-11-18');
INSERT INTO hospitals_medics VALUES(7, 45, '24-11-18');
INSERT INTO hospitals_medics VALUES(32, 45, '24-11-18');
INSERT INTO hospitals_medics VALUES(17, 46, '24-11-18');
INSERT INTO hospitals_medics VALUES(25, 46, '24-11-18');
INSERT INTO hospitals_medics VALUES(10, 47, '24-11-18');
INSERT INTO hospitals_medics VALUES(33, 47, '24-11-18');
INSERT INTO hospitals_medics VALUES(18, 48, '24-11-18');
INSERT INTO hospitals_medics VALUES(24, 48, '24-11-18');
INSERT INTO hospitals_medics VALUES(7, 49, '24-11-18');
INSERT INTO hospitals_medics VALUES(26, 49, '24-11-18');
INSERT INTO hospitals_medics VALUES(2, 50, '24-11-18');
INSERT INTO hospitals_medics VALUES(34, 50, '24-11-18');
INSERT INTO hospitals_medics VALUES(34, 51, '24-11-18');
INSERT INTO hospitals_medics VALUES(42, 51, '24-11-18');
INSERT INTO hospitals_medics VALUES(14, 52, '24-11-18');
INSERT INTO hospitals_medics VALUES(16, 52, '24-11-18');
INSERT INTO hospitals_medics VALUES(19, 53, '24-11-18');
INSERT INTO hospitals_medics VALUES(43, 53, '24-11-18');
INSERT INTO hospitals_medics VALUES(2, 54, '24-11-18');
INSERT INTO hospitals_medics VALUES(18, 54, '24-11-18');
INSERT INTO hospitals_medics VALUES(6, 55, '24-11-18');
INSERT INTO hospitals_medics VALUES(24, 55, '24-11-18');
INSERT INTO hospitals_medics VALUES(26, 56, '24-11-18');
INSERT INTO hospitals_medics VALUES(34, 56, '24-11-18');
INSERT INTO hospitals_medics VALUES(4, 57, '24-11-18');
INSERT INTO hospitals_medics VALUES(6, 57, '24-11-18');
INSERT INTO hospitals_medics VALUES(2, 58, '24-11-18');
INSERT INTO hospitals_medics VALUES(10, 58, '24-11-18');
INSERT INTO hospitals_medics VALUES(29, 59, '24-11-18');
INSERT INTO hospitals_medics VALUES(35, 59, '24-11-18');
INSERT INTO hospitals_medics VALUES(13, 60, '24-11-18');
INSERT INTO hospitals_medics VALUES(30, 60, '24-11-18');
INSERT INTO hospitals_medics VALUES(12, 61, '24-11-18');
INSERT INTO hospitals_medics VALUES(35, 61, '24-11-18');
INSERT INTO hospitals_medics VALUES(11, 62, '24-11-18');
INSERT INTO hospitals_medics VALUES(41, 62, '24-11-18');
INSERT INTO hospitals_medics VALUES(42, 63, '24-11-18');
INSERT INTO hospitals_medics VALUES(43, 63, '24-11-18');
INSERT INTO hospitals_medics VALUES(26, 64, '24-11-18');
INSERT INTO hospitals_medics VALUES(41, 64, '24-11-18');
INSERT INTO hospitals_medics VALUES(21, 65, '24-11-18');
INSERT INTO hospitals_medics VALUES(35, 65, '24-11-18');
INSERT INTO hospitals_medics VALUES(30, 66, '24-11-18');
INSERT INTO hospitals_medics VALUES(31, 66, '24-11-18');
INSERT INTO hospitals_medics VALUES(37, 67, '24-11-18');
INSERT INTO hospitals_medics VALUES(39, 67, '24-11-18');
INSERT INTO hospitals_medics VALUES(15, 68, '24-11-18');
INSERT INTO hospitals_medics VALUES(24, 68, '24-11-18');
INSERT INTO hospitals_medics VALUES(33, 69, '24-11-18');
INSERT INTO hospitals_medics VALUES(42, 69, '24-11-18');
INSERT INTO hospitals_medics VALUES(4, 70, '24-11-18');
INSERT INTO hospitals_medics VALUES(34, 70, '24-11-18');
INSERT INTO hospitals_medics VALUES(7, 71, '24-11-18');
INSERT INTO hospitals_medics VALUES(28, 71, '24-11-18');
INSERT INTO hospitals_medics VALUES(9, 72, '24-11-18');
INSERT INTO hospitals_medics VALUES(34, 72, '24-11-18');
INSERT INTO hospitals_medics VALUES(10, 73, '24-11-18');
INSERT INTO hospitals_medics VALUES(36, 73, '24-11-18');
INSERT INTO hospitals_medics VALUES(12, 74, '24-11-18');
INSERT INTO hospitals_medics VALUES(33, 74, '24-11-18');
INSERT INTO hospitals_medics VALUES(13, 75, '24-11-18');
INSERT INTO hospitals_medics VALUES(35, 75, '24-11-18');
INSERT INTO hospitals_medics VALUES(22, 76, '24-11-18');
INSERT INTO hospitals_medics VALUES(33, 76, '24-11-18');
INSERT INTO hospitals_medics VALUES(23, 77, '24-11-18');
INSERT INTO hospitals_medics VALUES(43, 77, '24-11-18');
INSERT INTO hospitals_medics VALUES(13, 78, '24-11-18');
INSERT INTO hospitals_medics VALUES(17, 78, '24-11-18');
INSERT INTO hospitals_medics VALUES(5, 79, '24-11-18');
INSERT INTO hospitals_medics VALUES(6, 79, '24-11-18');
INSERT INTO hospitals_medics VALUES(11, 80, '24-11-18');
INSERT INTO hospitals_medics VALUES(15, 80, '24-11-18');
INSERT INTO hospitals_medics VALUES(13, 81, '24-11-18');
INSERT INTO hospitals_medics VALUES(22, 81, '24-11-18');
INSERT INTO hospitals_medics VALUES(28, 82, '24-11-18');
INSERT INTO hospitals_medics VALUES(29, 82, '24-11-18');
INSERT INTO hospitals_medics VALUES(17, 83, '24-11-18');
INSERT INTO hospitals_medics VALUES(40, 83, '24-11-18');
INSERT INTO hospitals_medics VALUES(12, 84, '24-11-18');
INSERT INTO hospitals_medics VALUES(31, 84, '24-11-18');
INSERT INTO hospitals_medics VALUES(9, 85, '24-11-18');
INSERT INTO hospitals_medics VALUES(38, 85, '24-11-18');
INSERT INTO hospitals_medics VALUES(18, 86, '24-11-18');
INSERT INTO hospitals_medics VALUES(26, 86, '24-11-18');
INSERT INTO hospitals_medics VALUES(11, 87, '24-11-18');
INSERT INTO hospitals_medics VALUES(29, 87, '24-11-18');
INSERT INTO hospitals_medics VALUES(38, 88, '24-11-18');
INSERT INTO hospitals_medics VALUES(40, 88, '24-11-18');
INSERT INTO hospitals_medics VALUES(19, 89, '24-11-18');
INSERT INTO hospitals_medics VALUES(23, 89, '24-11-18');
INSERT INTO hospitals_medics VALUES(32, 90, '24-11-18');
INSERT INTO hospitals_medics VALUES(43, 90, '24-11-18');
INSERT INTO hospitals_medics VALUES(11, 91, '24-11-18');
INSERT INTO hospitals_medics VALUES(14, 91, '24-11-18');
INSERT INTO hospitals_medics VALUES(23, 92, '24-11-18');
INSERT INTO hospitals_medics VALUES(35, 92, '24-11-18');
INSERT INTO hospitals_medics VALUES(13, 93, '24-11-18');
INSERT INTO hospitals_medics VALUES(14, 93, '24-11-18');
INSERT INTO hospitals_medics VALUES(8, 94, '24-11-18');
INSERT INTO hospitals_medics VALUES(17, 94, '24-11-18');
INSERT INTO hospitals_medics VALUES(13, 95, '24-11-18');
INSERT INTO hospitals_medics VALUES(16, 95, '24-11-18');
INSERT INTO hospitals_medics VALUES(17, 96, '24-11-18');
INSERT INTO hospitals_medics VALUES(35, 96, '24-11-18');
INSERT INTO hospitals_medics VALUES(33, 97, '24-11-18');
INSERT INTO hospitals_medics VALUES(40, 97, '24-11-18');
INSERT INTO hospitals_medics VALUES(32, 98, '24-11-18');
INSERT INTO hospitals_medics VALUES(40, 98, '24-11-18');
INSERT INTO hospitals_medics VALUES(14, 99, '24-11-18');
INSERT INTO hospitals_medics VALUES(21, 99, '24-11-18');
INSERT INTO hospitals_medics VALUES(19, 100, '24-11-18');
INSERT INTO hospitals_medics VALUES(40, 100, '24-11-18');
INSERT INTO hospitals_medics VALUES(12, 101, '24-11-18');
INSERT INTO hospitals_medics VALUES(17, 101, '24-11-18');
INSERT INTO hospitals_medics VALUES(13, 102, '24-11-18');
INSERT INTO hospitals_medics VALUES(18, 102, '24-11-18');
INSERT INTO hospitals_medics VALUES(37, 103, '24-11-18');
INSERT INTO hospitals_medics VALUES(39, 103, '24-11-18');
INSERT INTO hospitals_medics VALUES(21, 104, '24-11-18');
INSERT INTO hospitals_medics VALUES(42, 104, '24-11-18');
INSERT INTO hospitals_medics VALUES(14, 105, '24-11-18');
INSERT INTO hospitals_medics VALUES(42, 105, '24-11-18');
INSERT INTO hospitals_medics VALUES(31, 106, '24-11-18');
INSERT INTO hospitals_medics VALUES(39, 106, '24-11-18');
INSERT INTO hospitals_medics VALUES(28, 107, '24-11-18');
INSERT INTO hospitals_medics VALUES(40, 107, '24-11-18');
INSERT INTO hospitals_medics VALUES(17, 108, '24-11-18');
INSERT INTO hospitals_medics VALUES(25, 108, '24-11-18');
INSERT INTO hospitals_medics VALUES(28, 109, '24-11-18');
INSERT INTO hospitals_medics VALUES(36, 109, '24-11-18');
INSERT INTO hospitals_medics VALUES(9, 110, '24-11-18');
INSERT INTO hospitals_medics VALUES(33, 110, '24-11-18');
INSERT INTO hospitals_medics VALUES(6, 111, '24-11-18');
INSERT INTO hospitals_medics VALUES(22, 111, '24-11-18');
INSERT INTO hospitals_medics VALUES(7, 112, '24-11-18');
INSERT INTO hospitals_medics VALUES(14, 112, '24-11-18');
INSERT INTO hospitals_medics VALUES(2, 113, '24-11-18');
INSERT INTO hospitals_medics VALUES(18, 113, '24-11-18');
INSERT INTO hospitals_medics VALUES(7, 114, '24-11-18');
INSERT INTO hospitals_medics VALUES(25, 114, '24-11-18');
INSERT INTO hospitals_medics VALUES(3, 115, '24-11-18');
INSERT INTO hospitals_medics VALUES(16, 115, '24-11-18');
INSERT INTO hospitals_medics VALUES(26, 116, '24-11-18');
INSERT INTO hospitals_medics VALUES(29, 116, '24-11-18');
INSERT INTO hospitals_medics VALUES(16, 117, '24-11-18');
INSERT INTO hospitals_medics VALUES(42, 117, '24-11-18');
INSERT INTO hospitals_medics VALUES(12, 118, '24-11-18');
INSERT INTO hospitals_medics VALUES(35, 118, '24-11-18');
INSERT INTO hospitals_medics VALUES(26, 119, '24-11-18');
INSERT INTO hospitals_medics VALUES(43, 119, '24-11-18');
INSERT INTO hospitals_medics VALUES(24, 120, '24-11-18');
INSERT INTO hospitals_medics VALUES(41, 120, '24-11-18');
INSERT INTO hospitals_medics VALUES(32, 121, '24-11-18');
INSERT INTO hospitals_medics VALUES(35, 121, '24-11-18');
INSERT INTO hospitals_medics VALUES(14, 122, '24-11-18');
INSERT INTO hospitals_medics VALUES(23, 122, '24-11-18');
INSERT INTO hospitals_medics VALUES(15, 123, '24-11-18');
INSERT INTO hospitals_medics VALUES(30, 123, '24-11-18');
INSERT INTO hospitals_medics VALUES(26, 124, '24-11-18');
INSERT INTO hospitals_medics VALUES(39, 124, '24-11-18');
INSERT INTO hospitals_medics VALUES(9, 125, '24-11-18');
INSERT INTO hospitals_medics VALUES(29, 125, '24-11-18');
INSERT INTO hospitals_medics VALUES(15, 126, '24-11-18');
INSERT INTO hospitals_medics VALUES(42, 126, '24-11-18');
INSERT INTO hospitals_medics VALUES(17, 127, '24-11-18');
INSERT INTO hospitals_medics VALUES(41, 127, '24-11-18');
INSERT INTO hospitals_medics VALUES(12, 128, '24-11-18');
INSERT INTO hospitals_medics VALUES(39, 128, '24-11-18');
INSERT INTO hospitals_medics VALUES(3, 129, '24-11-18');
INSERT INTO hospitals_medics VALUES(43, 129, '24-11-18');
INSERT INTO hospitals_medics VALUES(14, 130, '24-11-18');
INSERT INTO hospitals_medics VALUES(28, 130, '24-11-18');
INSERT INTO hospitals_medics VALUES(31, 131, '24-11-18');
INSERT INTO hospitals_medics VALUES(37, 131, '24-11-18');
INSERT INTO hospitals_medics VALUES(8, 132, '24-11-18');
INSERT INTO hospitals_medics VALUES(41, 132, '24-11-18');
INSERT INTO hospitals_medics VALUES(41, 133, '24-11-18');
INSERT INTO hospitals_medics VALUES(43, 133, '24-11-18');
INSERT INTO hospitals_medics VALUES(14, 134, '24-11-18');
INSERT INTO hospitals_medics VALUES(23, 134, '24-11-18');
INSERT INTO hospitals_medics VALUES(17, 135, '24-11-18');
INSERT INTO hospitals_medics VALUES(40, 135, '24-11-18');
INSERT INTO hospitals_medics VALUES(6, 136, '24-11-18');
INSERT INTO hospitals_medics VALUES(17, 136, '24-11-18');
INSERT INTO hospitals_medics VALUES(6, 137, '24-11-18');
INSERT INTO hospitals_medics VALUES(39, 137, '24-11-18');
INSERT INTO hospitals_medics VALUES(17, 138, '24-11-18');
INSERT INTO hospitals_medics VALUES(30, 138, '24-11-18');
INSERT INTO hospitals_medics VALUES(2, 139, '24-11-18');
INSERT INTO hospitals_medics VALUES(21, 139, '24-11-18');
INSERT INTO hospitals_medics VALUES(8, 140, '24-11-18');
INSERT INTO hospitals_medics VALUES(16, 140, '24-11-18');
INSERT INTO hospitals_medics VALUES(19, 141, '24-11-18');
INSERT INTO hospitals_medics VALUES(35, 141, '24-11-18');
INSERT INTO hospitals_medics VALUES(25, 142, '24-11-18');
INSERT INTO hospitals_medics VALUES(30, 142, '24-11-18');
INSERT INTO hospitals_medics VALUES(34, 143, '24-11-18');
INSERT INTO hospitals_medics VALUES(41, 143, '24-11-18');
INSERT INTO hospitals_medics VALUES(8, 144, '24-11-18');
INSERT INTO hospitals_medics VALUES(43, 144, '24-11-18');
INSERT INTO hospitals_medics VALUES(9, 145, '24-11-18');
INSERT INTO hospitals_medics VALUES(10, 145, '24-11-18');
INSERT INTO hospitals_medics VALUES(15, 146, '24-11-18');
INSERT INTO hospitals_medics VALUES(24, 146, '24-11-18');
INSERT INTO hospitals_medics VALUES(25, 147, '24-11-18');
INSERT INTO hospitals_medics VALUES(34, 147, '24-11-18');
INSERT INTO hospitals_medics VALUES(1, 148, '24-11-18');
INSERT INTO hospitals_medics VALUES(16, 148, '24-11-18');
INSERT INTO hospitals_medics VALUES(7, 149, '24-11-18');
INSERT INTO hospitals_medics VALUES(32, 149, '24-11-18');
INSERT INTO hospitals_medics VALUES(5, 150, '24-11-18');
INSERT INTO hospitals_medics VALUES(12, 150, '24-11-18');
INSERT INTO hospitals_medics VALUES(26, 151, '24-11-18');
INSERT INTO hospitals_medics VALUES(37, 151, '24-11-18');
INSERT INTO hospitals_medics VALUES(16, 152, '24-11-18');
INSERT INTO hospitals_medics VALUES(43, 152, '24-11-18');
INSERT INTO hospitals_medics VALUES(18, 153, '24-11-18');
INSERT INTO hospitals_medics VALUES(40, 153, '24-11-18');
INSERT INTO hospitals_medics VALUES(6, 154, '24-11-18');
INSERT INTO hospitals_medics VALUES(37, 154, '24-11-18');
INSERT INTO hospitals_medics VALUES(22, 155, '24-11-18');
INSERT INTO hospitals_medics VALUES(32, 155, '24-11-18');
INSERT INTO hospitals_medics VALUES(7, 156, '24-11-18');
INSERT INTO hospitals_medics VALUES(10, 156, '24-11-18');
INSERT INTO hospitals_medics VALUES(14, 157, '24-11-18');
INSERT INTO hospitals_medics VALUES(17, 157, '24-11-18');
INSERT INTO hospitals_medics VALUES(8, 158, '24-11-18');
INSERT INTO hospitals_medics VALUES(17, 158, '24-11-18');
INSERT INTO hospitals_medics VALUES(34, 159, '24-11-18');
INSERT INTO hospitals_medics VALUES(35, 159, '24-11-18');
INSERT INTO hospitals_medics VALUES(22, 160, '24-11-18');
INSERT INTO hospitals_medics VALUES(43, 160, '24-11-18');
INSERT INTO hospitals_medics VALUES(28, 161, '24-11-18');
INSERT INTO hospitals_medics VALUES(31, 161, '24-11-18');
INSERT INTO hospitals_medics VALUES(7, 162, '24-11-18');
INSERT INTO hospitals_medics VALUES(25, 162, '24-11-18');
INSERT INTO hospitals_medics VALUES(11, 163, '24-11-18');
INSERT INTO hospitals_medics VALUES(14, 163, '24-11-18');
INSERT INTO hospitals_medics VALUES(31, 164, '24-11-18');
INSERT INTO hospitals_medics VALUES(41, 164, '24-11-18');
INSERT INTO hospitals_medics VALUES(4, 165, '24-11-18');
INSERT INTO hospitals_medics VALUES(7, 165, '24-11-18');
INSERT INTO hospitals_medics VALUES(13, 166, '24-11-18');
INSERT INTO hospitals_medics VALUES(39, 166, '24-11-18');
INSERT INTO hospitals_medics VALUES(31, 167, '24-11-18');
INSERT INTO hospitals_medics VALUES(34, 167, '24-11-18');
INSERT INTO hospitals_medics VALUES(7, 168, '24-11-18');
INSERT INTO hospitals_medics VALUES(24, 168, '24-11-18');
INSERT INTO hospitals_medics VALUES(10, 169, '24-11-18');
INSERT INTO hospitals_medics VALUES(17, 169, '24-11-18');
INSERT INTO hospitals_medics VALUES(12, 170, '24-11-18');
INSERT INTO hospitals_medics VALUES(16, 170, '24-11-18');
INSERT INTO hospitals_medics VALUES(1, 171, '24-11-18');
INSERT INTO hospitals_medics VALUES(27, 171, '24-11-18');
INSERT INTO hospitals_medics VALUES(26, 172, '24-11-18');
INSERT INTO hospitals_medics VALUES(36, 172, '24-11-18');
INSERT INTO hospitals_medics VALUES(27, 173, '24-11-18');
INSERT INTO hospitals_medics VALUES(36, 173, '24-11-18');
INSERT INTO hospitals_medics VALUES(3, 174, '24-11-18');
INSERT INTO hospitals_medics VALUES(23, 174, '24-11-18');
INSERT INTO hospitals_medics VALUES(4, 175, '24-11-18');
INSERT INTO hospitals_medics VALUES(9, 175, '24-11-18');
INSERT INTO hospitals_medics VALUES(35, 176, '24-11-18');
INSERT INTO hospitals_medics VALUES(43, 176, '24-11-18');
INSERT INTO hospitals_medics VALUES(2, 177, '24-11-18');
INSERT INTO hospitals_medics VALUES(32, 177, '24-11-18');
INSERT INTO hospitals_medics VALUES(4, 178, '24-11-18');
INSERT INTO hospitals_medics VALUES(37, 178, '24-11-18');
INSERT INTO hospitals_medics VALUES(17, 179, '24-11-18');
INSERT INTO hospitals_medics VALUES(27, 179, '24-11-18');
INSERT INTO hospitals_medics VALUES(14, 180, '24-11-18');
INSERT INTO hospitals_medics VALUES(28, 180, '24-11-18');
INSERT INTO hospitals_medics VALUES(3, 181, '24-11-18');
INSERT INTO hospitals_medics VALUES(32, 181, '24-11-18');
INSERT INTO hospitals_medics VALUES(16, 182, '24-11-18');
INSERT INTO hospitals_medics VALUES(26, 182, '24-11-18');
INSERT INTO hospitals_medics VALUES(13, 183, '24-11-18');
INSERT INTO hospitals_medics VALUES(23, 183, '24-11-18');
INSERT INTO hospitals_medics VALUES(31, 184, '24-11-18');
INSERT INTO hospitals_medics VALUES(34, 184, '24-11-18');
INSERT INTO hospitals_medics VALUES(9, 185, '24-11-18');
INSERT INTO hospitals_medics VALUES(35, 185, '24-11-18');
INSERT INTO hospitals_medics VALUES(20, 186, '24-11-18');
INSERT INTO hospitals_medics VALUES(35, 186, '24-11-18');
INSERT INTO hospitals_medics VALUES(6, 187, '24-11-18');
INSERT INTO hospitals_medics VALUES(14, 187, '24-11-18');
INSERT INTO hospitals_medics VALUES(13, 188, '24-11-18');
INSERT INTO hospitals_medics VALUES(35, 188, '24-11-18');
INSERT INTO hospitals_medics VALUES(33, 189, '24-11-18');
INSERT INTO hospitals_medics VALUES(43, 189, '24-11-18');
INSERT INTO hospitals_medics VALUES(4, 190, '24-11-18');
INSERT INTO hospitals_medics VALUES(43, 190, '24-11-18');
INSERT INTO hospitals_medics VALUES(21, 191, '24-11-18');
INSERT INTO hospitals_medics VALUES(27, 191, '24-11-18');
INSERT INTO hospitals_medics VALUES(5, 192, '24-11-18');
INSERT INTO hospitals_medics VALUES(42, 192, '24-11-18');
INSERT INTO hospitals_medics VALUES(3, 193, '24-11-18');
INSERT INTO hospitals_medics VALUES(12, 193, '24-11-18');
INSERT INTO hospitals_medics VALUES(6, 194, '24-11-18');
INSERT INTO hospitals_medics VALUES(37, 194, '24-11-18');
INSERT INTO hospitals_medics VALUES(17, 195, '24-11-18');
INSERT INTO hospitals_medics VALUES(35, 195, '24-11-18');
INSERT INTO hospitals_medics VALUES(13, 196, '24-11-18');
INSERT INTO hospitals_medics VALUES(24, 196, '24-11-18');
INSERT INTO hospitals_medics VALUES(28, 197, '24-11-18');
INSERT INTO hospitals_medics VALUES(40, 197, '24-11-18');
INSERT INTO hospitals_medics VALUES(1, 198, '24-11-18');
INSERT INTO hospitals_medics VALUES(20, 198, '24-11-18');
INSERT INTO hospitals_medics VALUES(1, 199, '24-11-18');
INSERT INTO hospitals_medics VALUES(26, 199, '24-11-18');
INSERT INTO hospitals_medics VALUES(17, 200, '24-11-18');
INSERT INTO hospitals_medics VALUES(31, 200, '24-11-18');
INSERT INTO hospitals_medics VALUES(11, 201, '24-11-18');
INSERT INTO hospitals_medics VALUES(36, 201, '24-11-18');
INSERT INTO hospitals_medics VALUES(10, 202, '24-11-18');
INSERT INTO hospitals_medics VALUES(21, 202, '24-11-18');
INSERT INTO hospitals_medics VALUES(30, 203, '24-11-18');
INSERT INTO hospitals_medics VALUES(37, 203, '24-11-18');
INSERT INTO hospitals_medics VALUES(8, 204, '24-11-18');
INSERT INTO hospitals_medics VALUES(35, 204, '24-11-18');
INSERT INTO hospitals_medics VALUES(7, 205, '24-11-18');
INSERT INTO hospitals_medics VALUES(31, 205, '24-11-18');
INSERT INTO hospitals_medics VALUES(11, 206, '24-11-18');
INSERT INTO hospitals_medics VALUES(30, 206, '24-11-18');
INSERT INTO hospitals_medics VALUES(24, 207, '24-11-18');
INSERT INTO hospitals_medics VALUES(36, 207, '24-11-18');
INSERT INTO hospitals_medics VALUES(4, 208, '24-11-18');
INSERT INTO hospitals_medics VALUES(33, 208, '24-11-18');
INSERT INTO hospitals_medics VALUES(15, 209, '24-11-18');
INSERT INTO hospitals_medics VALUES(43, 209, '24-11-18');
INSERT INTO hospitals_medics VALUES(14, 210, '24-11-18');
INSERT INTO hospitals_medics VALUES(29, 210, '24-11-18');
INSERT INTO hospitals_medics VALUES(3, 211, '24-11-18');
INSERT INTO hospitals_medics VALUES(24, 211, '24-11-18');
INSERT INTO hospitals_medics VALUES(26, 212, '24-11-18');
INSERT INTO hospitals_medics VALUES(37, 212, '24-11-18');
INSERT INTO hospitals_medics VALUES(13, 213, '24-11-18');
INSERT INTO hospitals_medics VALUES(33, 213, '24-11-18');
INSERT INTO hospitals_medics VALUES(6, 214, '24-11-18');
INSERT INTO hospitals_medics VALUES(34, 214, '24-11-18');
INSERT INTO hospitals_medics VALUES(6, 215, '24-11-18');
INSERT INTO hospitals_medics VALUES(38, 215, '24-11-18');
INSERT INTO hospitals_medics VALUES(2, 216, '24-11-18');
INSERT INTO hospitals_medics VALUES(30, 216, '24-11-18');
INSERT INTO hospitals_medics VALUES(6, 217, '24-11-18');
INSERT INTO hospitals_medics VALUES(17, 217, '24-11-18');
INSERT INTO hospitals_medics VALUES(5, 218, '24-11-18');
INSERT INTO hospitals_medics VALUES(35, 218, '24-11-18');
INSERT INTO hospitals_medics VALUES(5, 219, '24-11-18');
INSERT INTO hospitals_medics VALUES(35, 219, '24-11-18');
INSERT INTO hospitals_medics VALUES(7, 220, '24-11-18');
INSERT INTO hospitals_medics VALUES(16, 220, '24-11-18');
INSERT INTO hospitals_medics VALUES(4, 221, '24-11-18');
INSERT INTO hospitals_medics VALUES(16, 221, '24-11-18');
INSERT INTO hospitals_medics VALUES(30, 222, '24-11-18');
INSERT INTO hospitals_medics VALUES(41, 222, '24-11-18');
INSERT INTO hospitals_medics VALUES(17, 223, '24-11-18');
INSERT INTO hospitals_medics VALUES(18, 223, '24-11-18');
INSERT INTO hospitals_medics VALUES(1, 224, '24-11-18');
INSERT INTO hospitals_medics VALUES(38, 224, '24-11-18');
INSERT INTO hospitals_medics VALUES(15, 225, '24-11-18');
INSERT INTO hospitals_medics VALUES(29, 225, '24-11-18');
INSERT INTO hospitals_medics VALUES(22, 226, '24-11-18');
INSERT INTO hospitals_medics VALUES(30, 226, '24-11-18');
INSERT INTO hospitals_medics VALUES(12, 227, '24-11-18');
INSERT INTO hospitals_medics VALUES(18, 227, '24-11-18');
INSERT INTO hospitals_medics VALUES(5, 228, '24-11-18');
INSERT INTO hospitals_medics VALUES(20, 228, '24-11-18');
INSERT INTO hospitals_medics VALUES(20, 229, '24-11-18');
INSERT INTO hospitals_medics VALUES(36, 229, '24-11-18');
INSERT INTO hospitals_medics VALUES(2, 230, '24-11-18');
INSERT INTO hospitals_medics VALUES(18, 230, '24-11-18');
INSERT INTO hospitals_medics VALUES(8, 231, '24-11-18');
INSERT INTO hospitals_medics VALUES(41, 231, '24-11-18');
INSERT INTO hospitals_medics VALUES(6, 232, '24-11-18');
INSERT INTO hospitals_medics VALUES(8, 232, '24-11-18');
INSERT INTO hospitals_medics VALUES(2, 233, '24-11-18');
INSERT INTO hospitals_medics VALUES(4, 233, '24-11-18');
INSERT INTO hospitals_medics VALUES(17, 234, '24-11-18');
INSERT INTO hospitals_medics VALUES(36, 234, '24-11-18');
INSERT INTO hospitals_medics VALUES(1, 235, '24-11-18');
INSERT INTO hospitals_medics VALUES(32, 235, '24-11-18');
INSERT INTO hospitals_medics VALUES(26, 236, '24-11-18');
INSERT INTO hospitals_medics VALUES(27, 236, '24-11-18');
INSERT INTO hospitals_medics VALUES(23, 237, '24-11-18');
INSERT INTO hospitals_medics VALUES(43, 237, '24-11-18');
INSERT INTO hospitals_medics VALUES(18, 238, '24-11-18');
INSERT INTO hospitals_medics VALUES(31, 238, '24-11-18');
INSERT INTO hospitals_medics VALUES(32, 239, '24-11-18');
INSERT INTO hospitals_medics VALUES(39, 239, '24-11-18');
INSERT INTO hospitals_medics VALUES(13, 240, '24-11-18');
INSERT INTO hospitals_medics VALUES(40, 240, '24-11-18');
INSERT INTO hospitals_medics VALUES(13, 241, '24-11-18');
INSERT INTO hospitals_medics VALUES(24, 241, '24-11-18');
INSERT INTO hospitals_medics VALUES(22, 242, '24-11-18');
INSERT INTO hospitals_medics VALUES(40, 242, '24-11-18');
INSERT INTO hospitals_medics VALUES(24, 243, '24-11-18');
INSERT INTO hospitals_medics VALUES(43, 243, '24-11-18');
INSERT INTO hospitals_medics VALUES(30, 244, '24-11-18');
INSERT INTO hospitals_medics VALUES(43, 244, '24-11-18');
INSERT INTO hospitals_medics VALUES(15, 245, '24-11-18');
INSERT INTO hospitals_medics VALUES(38, 245, '24-11-18');
INSERT INTO hospitals_medics VALUES(9, 246, '24-11-18');
INSERT INTO hospitals_medics VALUES(33, 246, '24-11-18');
INSERT INTO hospitals_medics VALUES(19, 247, '24-11-18');
INSERT INTO hospitals_medics VALUES(21, 247, '24-11-18');
INSERT INTO hospitals_medics VALUES(23, 248, '24-11-18');
INSERT INTO hospitals_medics VALUES(37, 248, '24-11-18');
INSERT INTO hospitals_medics VALUES(3, 249, '24-11-18');
INSERT INTO hospitals_medics VALUES(24, 249, '24-11-18');
INSERT INTO hospitals_medics VALUES(19, 250, '24-11-18');
INSERT INTO hospitals_medics VALUES(37, 250, '24-11-18');
INSERT INTO hospitals_medics VALUES(7, 251, '24-11-18');
INSERT INTO hospitals_medics VALUES(25, 251, '24-11-18');
INSERT INTO hospitals_medics VALUES(2, 252, '24-11-18');
INSERT INTO hospitals_medics VALUES(15, 252, '24-11-18');
INSERT INTO hospitals_medics VALUES(14, 253, '24-11-18');
INSERT INTO hospitals_medics VALUES(20, 253, '24-11-18');
INSERT INTO hospitals_medics VALUES(25, 254, '24-11-18');
INSERT INTO hospitals_medics VALUES(35, 254, '24-11-18');
INSERT INTO hospitals_medics VALUES(17, 255, '24-11-18');
INSERT INTO hospitals_medics VALUES(30, 255, '24-11-18');
INSERT INTO hospitals_medics VALUES(2, 256, '24-11-18');
INSERT INTO hospitals_medics VALUES(18, 256, '24-11-18');
INSERT INTO hospitals_medics VALUES(4, 257, '24-11-18');
INSERT INTO hospitals_medics VALUES(41, 257, '24-11-18');
INSERT INTO hospitals_medics VALUES(4, 258, '24-11-18');
INSERT INTO hospitals_medics VALUES(13, 258, '24-11-18');
INSERT INTO hospitals_medics VALUES(18, 259, '24-11-18');
INSERT INTO hospitals_medics VALUES(37, 259, '24-11-18');
INSERT INTO hospitals_medics VALUES(1, 260, '24-11-18');
INSERT INTO hospitals_medics VALUES(7, 260, '24-11-18');
INSERT INTO hospitals_medics VALUES(14, 261, '24-11-18');
INSERT INTO hospitals_medics VALUES(16, 261, '24-11-18');
INSERT INTO hospitals_medics VALUES(12, 262, '24-11-18');
INSERT INTO hospitals_medics VALUES(29, 262, '24-11-18');
INSERT INTO hospitals_medics VALUES(28, 263, '24-11-18');
INSERT INTO hospitals_medics VALUES(40, 263, '24-11-18');
INSERT INTO hospitals_medics VALUES(21, 264, '24-11-18');
INSERT INTO hospitals_medics VALUES(31, 264, '24-11-18');
INSERT INTO hospitals_medics VALUES(17, 265, '24-11-18');
INSERT INTO hospitals_medics VALUES(19, 265, '24-11-18');
INSERT INTO hospitals_medics VALUES(3, 266, '24-11-18');
INSERT INTO hospitals_medics VALUES(43, 266, '24-11-18');
INSERT INTO hospitals_medics VALUES(7, 267, '24-11-18');
INSERT INTO hospitals_medics VALUES(25, 267, '24-11-18');
INSERT INTO hospitals_medics VALUES(28, 268, '24-11-18');
INSERT INTO hospitals_medics VALUES(43, 268, '24-11-18');
INSERT INTO hospitals_medics VALUES(17, 269, '24-11-18');
INSERT INTO hospitals_medics VALUES(42, 269, '24-11-18');
INSERT INTO hospitals_medics VALUES(19, 270, '24-11-18');
INSERT INTO hospitals_medics VALUES(27, 270, '24-11-18');
INSERT INTO hospitals_medics VALUES(19, 271, '24-11-18');
INSERT INTO hospitals_medics VALUES(34, 271, '24-11-18');
INSERT INTO hospitals_medics VALUES(19, 272, '24-11-18');
INSERT INTO hospitals_medics VALUES(35, 272, '24-11-18');
INSERT INTO hospitals_medics VALUES(17, 273, '24-11-18');
INSERT INTO hospitals_medics VALUES(36, 273, '24-11-18');
INSERT INTO hospitals_medics VALUES(7, 274, '24-11-18');
INSERT INTO hospitals_medics VALUES(21, 274, '24-11-18');
INSERT INTO hospitals_medics VALUES(2, 275, '24-11-18');
INSERT INTO hospitals_medics VALUES(32, 275, '24-11-18');
INSERT INTO hospitals_medics VALUES(27, 276, '24-11-18');
INSERT INTO hospitals_medics VALUES(36, 276, '24-11-18');
INSERT INTO hospitals_medics VALUES(17, 277, '24-11-18');
INSERT INTO hospitals_medics VALUES(24, 277, '24-11-18');
INSERT INTO hospitals_medics VALUES(4, 278, '24-11-18');
INSERT INTO hospitals_medics VALUES(42, 278, '24-11-18');
INSERT INTO hospitals_medics VALUES(29, 279, '24-11-18');
INSERT INTO hospitals_medics VALUES(34, 279, '24-11-18');
INSERT INTO hospitals_medics VALUES(15, 280, '24-11-18');
INSERT INTO hospitals_medics VALUES(29, 280, '24-11-18');
INSERT INTO hospitals_medics VALUES(30, 281, '24-11-18');
INSERT INTO hospitals_medics VALUES(33, 281, '24-11-18');
INSERT INTO hospitals_medics VALUES(16, 282, '24-11-18');
INSERT INTO hospitals_medics VALUES(38, 282, '24-11-18');
INSERT INTO hospitals_medics VALUES(8, 283, '24-11-18');
INSERT INTO hospitals_medics VALUES(29, 283, '24-11-18');
INSERT INTO hospitals_medics VALUES(9, 284, '24-11-18');
INSERT INTO hospitals_medics VALUES(31, 284, '24-11-18');
INSERT INTO hospitals_medics VALUES(14, 285, '24-11-18');
INSERT INTO hospitals_medics VALUES(17, 285, '24-11-18');
INSERT INTO hospitals_medics VALUES(22, 286, '24-11-18');
INSERT INTO hospitals_medics VALUES(37, 286, '24-11-18');
INSERT INTO hospitals_medics VALUES(32, 287, '24-11-18');
INSERT INTO hospitals_medics VALUES(40, 287, '24-11-18');
INSERT INTO hospitals_medics VALUES(25, 288, '24-11-18');
INSERT INTO hospitals_medics VALUES(32, 288, '24-11-18');
INSERT INTO hospitals_medics VALUES(7, 289, '24-11-18');
INSERT INTO hospitals_medics VALUES(43, 289, '24-11-18');
INSERT INTO hospitals_medics VALUES(10, 290, '24-11-18');
INSERT INTO hospitals_medics VALUES(22, 290, '24-11-18');
INSERT INTO hospitals_medics VALUES(13, 291, '24-11-18');
INSERT INTO hospitals_medics VALUES(28, 291, '24-11-18');
INSERT INTO hospitals_medics VALUES(2, 292, '24-11-18');
INSERT INTO hospitals_medics VALUES(37, 292, '24-11-18');
INSERT INTO hospitals_medics VALUES(1, 293, '24-11-18');
INSERT INTO hospitals_medics VALUES(33, 293, '24-11-18');
INSERT INTO hospitals_medics VALUES(8, 294, '24-11-18');
INSERT INTO hospitals_medics VALUES(42, 294, '24-11-18');
INSERT INTO hospitals_medics VALUES(8, 295, '24-11-18');
INSERT INTO hospitals_medics VALUES(27, 295, '24-11-18');
INSERT INTO hospitals_medics VALUES(3, 296, '24-11-18');
INSERT INTO hospitals_medics VALUES(30, 296, '24-11-18');
INSERT INTO hospitals_medics VALUES(7, 297, '24-11-18');
INSERT INTO hospitals_medics VALUES(39, 297, '24-11-18');
INSERT INTO hospitals_medics VALUES(7, 298, '24-11-18');
INSERT INTO hospitals_medics VALUES(24, 298, '24-11-18');
INSERT INTO hospitals_medics VALUES(1, 299, '24-11-18');
INSERT INTO hospitals_medics VALUES(32, 299, '24-11-18');
INSERT INTO hospitals_medics VALUES(5, 300, '24-11-18');
INSERT INTO hospitals_medics VALUES(30, 300, '24-11-18');
INSERT INTO hospitals_medics VALUES(12, 301, '24-11-18');
INSERT INTO hospitals_medics VALUES(30, 301, '24-11-18');
INSERT INTO hospitals_medics VALUES(7, 302, '24-11-18');
INSERT INTO hospitals_medics VALUES(8, 302, '24-11-18');
INSERT INTO hospitals_medics VALUES(6, 303, '24-11-18');
INSERT INTO hospitals_medics VALUES(36, 303, '24-11-18');
INSERT INTO hospitals_medics VALUES(4, 304, '24-11-18');
INSERT INTO hospitals_medics VALUES(12, 304, '24-11-18');
INSERT INTO hospitals_medics VALUES(30, 305, '24-11-18');
INSERT INTO hospitals_medics VALUES(36, 305, '24-11-18');
INSERT INTO hospitals_medics VALUES(5, 306, '24-11-18');
INSERT INTO hospitals_medics VALUES(24, 306, '24-11-18');
INSERT INTO hospitals_medics VALUES(33, 307, '24-11-18');
INSERT INTO hospitals_medics VALUES(42, 307, '24-11-18');
INSERT INTO hospitals_medics VALUES(13, 308, '24-11-18');
INSERT INTO hospitals_medics VALUES(37, 308, '24-11-18');
INSERT INTO hospitals_medics VALUES(19, 309, '24-11-18');
INSERT INTO hospitals_medics VALUES(42, 309, '24-11-18');
INSERT INTO hospitals_medics VALUES(14, 310, '24-11-18');
INSERT INTO hospitals_medics VALUES(22, 310, '24-11-18');
INSERT INTO hospitals_medics VALUES(12, 311, '24-11-18');
INSERT INTO hospitals_medics VALUES(29, 311, '24-11-18');
INSERT INTO hospitals_medics VALUES(30, 312, '24-11-18');
INSERT INTO hospitals_medics VALUES(36, 312, '24-11-18');
INSERT INTO hospitals_medics VALUES(22, 313, '24-11-18');
INSERT INTO hospitals_medics VALUES(28, 313, '24-11-18');
INSERT INTO hospitals_medics VALUES(18, 314, '24-11-18');
INSERT INTO hospitals_medics VALUES(22, 314, '24-11-18');
INSERT INTO hospitals_medics VALUES(3, 315, '24-11-18');
INSERT INTO hospitals_medics VALUES(38, 315, '24-11-18');
INSERT INTO hospitals_medics VALUES(33, 316, '24-11-18');
INSERT INTO hospitals_medics VALUES(36, 316, '24-11-18');
INSERT INTO hospitals_medics VALUES(14, 317, '24-11-18');
INSERT INTO hospitals_medics VALUES(36, 317, '24-11-18');
INSERT INTO hospitals_medics VALUES(3, 318, '24-11-18');
INSERT INTO hospitals_medics VALUES(18, 318, '24-11-18');
INSERT INTO hospitals_medics VALUES(31, 319, '24-11-18');
INSERT INTO hospitals_medics VALUES(34, 319, '24-11-18');
INSERT INTO hospitals_medics VALUES(25, 320, '24-11-18');
INSERT INTO hospitals_medics VALUES(32, 320, '24-11-18');
INSERT INTO hospitals_medics VALUES(13, 321, '24-11-18');
INSERT INTO hospitals_medics VALUES(34, 321, '24-11-18');
INSERT INTO hospitals_medics VALUES(28, 322, '24-11-18');
INSERT INTO hospitals_medics VALUES(32, 322, '24-11-18');
INSERT INTO hospitals_medics VALUES(4, 323, '24-11-18');
INSERT INTO hospitals_medics VALUES(38, 323, '24-11-18');
INSERT INTO hospitals_medics VALUES(14, 324, '24-11-18');
INSERT INTO hospitals_medics VALUES(37, 324, '24-11-18');
INSERT INTO hospitals_medics VALUES(34, 325, '24-11-18');
INSERT INTO hospitals_medics VALUES(35, 325, '24-11-18');
INSERT INTO hospitals_medics VALUES(9, 326, '24-11-18');
INSERT INTO hospitals_medics VALUES(20, 326, '24-11-18');
INSERT INTO hospitals_medics VALUES(21, 327, '24-11-18');
INSERT INTO hospitals_medics VALUES(28, 327, '24-11-18');
INSERT INTO hospitals_medics VALUES(14, 328, '24-11-18');
INSERT INTO hospitals_medics VALUES(22, 328, '24-11-18');
INSERT INTO hospitals_medics VALUES(10, 329, '24-11-18');
INSERT INTO hospitals_medics VALUES(19, 329, '24-11-18');
INSERT INTO hospitals_medics VALUES(26, 330, '24-11-18');
INSERT INTO hospitals_medics VALUES(37, 330, '24-11-18');
INSERT INTO hospitals_medics VALUES(27, 331, '24-11-18');
INSERT INTO hospitals_medics VALUES(43, 331, '24-11-18');
INSERT INTO hospitals_medics VALUES(5, 332, '24-11-18');
INSERT INTO hospitals_medics VALUES(13, 332, '24-11-18');
INSERT INTO hospitals_medics VALUES(1, 333, '24-11-18');
INSERT INTO hospitals_medics VALUES(25, 333, '24-11-18');
INSERT INTO hospitals_medics VALUES(10, 334, '24-11-18');
INSERT INTO hospitals_medics VALUES(40, 334, '24-11-18');
INSERT INTO hospitals_medics VALUES(40, 335, '24-11-18');
INSERT INTO hospitals_medics VALUES(42, 335, '24-11-18');
INSERT INTO hospitals_medics VALUES(33, 336, '24-11-18');
INSERT INTO hospitals_medics VALUES(42, 336, '24-11-18');
INSERT INTO hospitals_medics VALUES(19, 337, '24-11-18');
INSERT INTO hospitals_medics VALUES(22, 337, '24-11-18');
INSERT INTO hospitals_medics VALUES(1, 338, '24-11-18');
INSERT INTO hospitals_medics VALUES(34, 338, '24-11-18');
INSERT INTO hospitals_medics VALUES(19, 339, '24-11-18');
INSERT INTO hospitals_medics VALUES(24, 339, '24-11-18');
INSERT INTO hospitals_medics VALUES(20, 340, '24-11-18');
INSERT INTO hospitals_medics VALUES(38, 340, '24-11-18');
INSERT INTO hospitals_medics VALUES(19, 341, '24-11-18');
INSERT INTO hospitals_medics VALUES(36, 341, '24-11-18');
INSERT INTO hospitals_medics VALUES(16, 342, '24-11-18');
INSERT INTO hospitals_medics VALUES(29, 342, '24-11-18');
INSERT INTO hospitals_medics VALUES(24, 343, '24-11-18');
INSERT INTO hospitals_medics VALUES(43, 343, '24-11-18');
INSERT INTO hospitals_medics VALUES(19, 344, '24-11-18');
INSERT INTO hospitals_medics VALUES(42, 344, '24-11-18');
INSERT INTO hospitals_medics VALUES(18, 345, '24-11-18');
INSERT INTO hospitals_medics VALUES(32, 345, '24-11-18');
INSERT INTO hospitals_medics VALUES(26, 346, '24-11-18');
INSERT INTO hospitals_medics VALUES(32, 346, '24-11-18');
INSERT INTO hospitals_medics VALUES(7, 347, '24-11-18');
INSERT INTO hospitals_medics VALUES(43, 347, '24-11-18');
INSERT INTO hospitals_medics VALUES(19, 348, '24-11-18');
INSERT INTO hospitals_medics VALUES(29, 348, '24-11-18');
INSERT INTO hospitals_medics VALUES(14, 349, '24-11-18');
INSERT INTO hospitals_medics VALUES(33, 349, '24-11-18');
INSERT INTO hospitals_medics VALUES(40, 350, '24-11-18');
INSERT INTO hospitals_medics VALUES(42, 350, '24-11-18');
INSERT INTO hospitals_medics VALUES(12, 351, '24-11-18');
INSERT INTO hospitals_medics VALUES(36, 351, '24-11-18');
INSERT INTO hospitals_medics VALUES(20, 352, '24-11-18');
INSERT INTO hospitals_medics VALUES(38, 352, '24-11-18');
INSERT INTO hospitals_medics VALUES(26, 353, '24-11-18');
INSERT INTO hospitals_medics VALUES(28, 353, '24-11-18');
INSERT INTO hospitals_medics VALUES(17, 354, '24-11-18');
INSERT INTO hospitals_medics VALUES(36, 354, '24-11-18');
INSERT INTO hospitals_medics VALUES(12, 355, '24-11-18');
INSERT INTO hospitals_medics VALUES(24, 355, '24-11-18');
INSERT INTO hospitals_medics VALUES(36, 356, '24-11-18');
INSERT INTO hospitals_medics VALUES(42, 356, '24-11-18');
INSERT INTO hospitals_medics VALUES(11, 357, '24-11-18');
INSERT INTO hospitals_medics VALUES(25, 357, '24-11-18');
INSERT INTO hospitals_medics VALUES(2, 358, '24-11-18');
INSERT INTO hospitals_medics VALUES(42, 358, '24-11-18');
INSERT INTO hospitals_medics VALUES(37, 359, '24-11-18');
INSERT INTO hospitals_medics VALUES(39, 359, '24-11-18');
INSERT INTO hospitals_medics VALUES(6, 360, '24-11-18');
INSERT INTO hospitals_medics VALUES(24, 360, '24-11-18');
INSERT INTO hospitals_medics VALUES(24, 361, '24-11-18');
INSERT INTO hospitals_medics VALUES(42, 361, '24-11-18');
INSERT INTO hospitals_medics VALUES(20, 362, '24-11-18');
INSERT INTO hospitals_medics VALUES(30, 362, '24-11-18');
INSERT INTO hospitals_medics VALUES(37, 363, '24-11-18');
INSERT INTO hospitals_medics VALUES(41, 363, '24-11-18');
INSERT INTO hospitals_medics VALUES(6, 364, '24-11-18');
INSERT INTO hospitals_medics VALUES(38, 364, '24-11-18');
INSERT INTO hospitals_medics VALUES(11, 365, '24-11-18');
INSERT INTO hospitals_medics VALUES(17, 365, '24-11-18');
INSERT INTO hospitals_medics VALUES(16, 366, '24-11-18');
INSERT INTO hospitals_medics VALUES(22, 366, '24-11-18');
INSERT INTO hospitals_medics VALUES(1, 367, '24-11-18');
INSERT INTO hospitals_medics VALUES(19, 367, '24-11-18');
INSERT INTO hospitals_medics VALUES(1, 368, '24-11-18');
INSERT INTO hospitals_medics VALUES(17, 368, '24-11-18');
INSERT INTO hospitals_medics VALUES(20, 369, '24-11-18');
INSERT INTO hospitals_medics VALUES(21, 369, '24-11-18');
INSERT INTO hospitals_medics VALUES(4, 370, '24-11-18');
INSERT INTO hospitals_medics VALUES(13, 370, '24-11-18');
INSERT INTO hospitals_medics VALUES(3, 371, '24-11-18');
INSERT INTO hospitals_medics VALUES(41, 371, '24-11-18');
INSERT INTO hospitals_medics VALUES(28, 372, '24-11-18');
INSERT INTO hospitals_medics VALUES(29, 372, '24-11-18');
INSERT INTO hospitals_medics VALUES(2, 373, '24-11-18');
INSERT INTO hospitals_medics VALUES(29, 373, '24-11-18');
INSERT INTO hospitals_medics VALUES(21, 374, '24-11-18');
INSERT INTO hospitals_medics VALUES(25, 374, '24-11-18');
INSERT INTO hospitals_medics VALUES(34, 375, '24-11-18');
INSERT INTO hospitals_medics VALUES(36, 375, '24-11-18');
INSERT INTO hospitals_medics VALUES(1, 376, '24-11-18');
INSERT INTO hospitals_medics VALUES(21, 376, '24-11-18');
INSERT INTO hospitals_medics VALUES(5, 377, '24-11-18');
INSERT INTO hospitals_medics VALUES(26, 377, '24-11-18');
INSERT INTO hospitals_medics VALUES(4, 378, '24-11-18');
INSERT INTO hospitals_medics VALUES(42, 378, '24-11-18');
INSERT INTO hospitals_medics VALUES(19, 379, '24-11-18');
INSERT INTO hospitals_medics VALUES(33, 379, '24-11-18');
INSERT INTO hospitals_medics VALUES(30, 380, '24-11-18');
INSERT INTO hospitals_medics VALUES(41, 380, '24-11-18');
INSERT INTO hospitals_medics VALUES(25, 381, '24-11-18');
INSERT INTO hospitals_medics VALUES(39, 381, '24-11-18');
INSERT INTO hospitals_medics VALUES(21, 382, '24-11-18');
INSERT INTO hospitals_medics VALUES(36, 382, '24-11-18');
INSERT INTO hospitals_medics VALUES(14, 383, '24-11-18');
INSERT INTO hospitals_medics VALUES(23, 383, '24-11-18');
INSERT INTO hospitals_medics VALUES(24, 384, '24-11-18');
INSERT INTO hospitals_medics VALUES(33, 384, '24-11-18');
INSERT INTO hospitals_medics VALUES(5, 385, '24-11-18');
INSERT INTO hospitals_medics VALUES(30, 385, '24-11-18');
INSERT INTO hospitals_medics VALUES(35, 386, '24-11-18');
INSERT INTO hospitals_medics VALUES(41, 386, '24-11-18');
INSERT INTO hospitals_medics VALUES(32, 387, '24-11-18');
INSERT INTO hospitals_medics VALUES(33, 387, '24-11-18');
INSERT INTO hospitals_medics VALUES(12, 388, '24-11-18');
INSERT INTO hospitals_medics VALUES(22, 388, '24-11-18');
INSERT INTO hospitals_medics VALUES(36, 389, '24-11-18');
INSERT INTO hospitals_medics VALUES(43, 389, '24-11-18');
INSERT INTO hospitals_medics VALUES(3, 390, '24-11-18');
INSERT INTO hospitals_medics VALUES(26, 390, '24-11-18');
INSERT INTO hospitals_medics VALUES(3, 391, '24-11-18');
INSERT INTO hospitals_medics VALUES(15, 391, '24-11-18');
INSERT INTO hospitals_medics VALUES(18, 392, '24-11-18');
INSERT INTO hospitals_medics VALUES(23, 392, '24-11-18');
INSERT INTO hospitals_medics VALUES(38, 393, '24-11-18');
INSERT INTO hospitals_medics VALUES(40, 393, '24-11-18');
INSERT INTO hospitals_medics VALUES(10, 394, '24-11-18');
INSERT INTO hospitals_medics VALUES(30, 394, '24-11-18');
INSERT INTO hospitals_medics VALUES(30, 395, '24-11-18');
INSERT INTO hospitals_medics VALUES(37, 395, '24-11-18');
INSERT INTO hospitals_medics VALUES(13, 396, '24-11-18');
INSERT INTO hospitals_medics VALUES(18, 396, '24-11-18');
INSERT INTO hospitals_medics VALUES(32, 397, '24-11-18');
INSERT INTO hospitals_medics VALUES(33, 397, '24-11-18');
INSERT INTO hospitals_medics VALUES(8, 398, '24-11-18');
INSERT INTO hospitals_medics VALUES(31, 398, '24-11-18');
INSERT INTO hospitals_medics VALUES(7, 399, '24-11-18');
INSERT INTO hospitals_medics VALUES(10, 399, '24-11-18');
INSERT INTO hospitals_medics VALUES(6, 400, '24-11-18');
INSERT INTO hospitals_medics VALUES(39, 400, '24-11-18');
INSERT INTO hospitals_medics VALUES(17, 401, '24-11-18');
INSERT INTO hospitals_medics VALUES(36, 401, '24-11-18');
INSERT INTO hospitals_medics VALUES(4, 402, '24-11-18');
INSERT INTO hospitals_medics VALUES(9, 402, '24-11-18');
INSERT INTO hospitals_medics VALUES(15, 403, '24-11-18');
INSERT INTO hospitals_medics VALUES(29, 403, '24-11-18');
INSERT INTO hospitals_medics VALUES(31, 404, '24-11-18');
INSERT INTO hospitals_medics VALUES(41, 404, '24-11-18');
INSERT INTO hospitals_medics VALUES(11, 405, '24-11-18');
INSERT INTO hospitals_medics VALUES(39, 405, '24-11-18');
INSERT INTO hospitals_medics VALUES(29, 406, '24-11-18');
INSERT INTO hospitals_medics VALUES(38, 406, '24-11-18');
INSERT INTO hospitals_medics VALUES(22, 407, '24-11-18');
INSERT INTO hospitals_medics VALUES(25, 407, '24-11-18');
INSERT INTO hospitals_medics VALUES(29, 408, '24-11-18');
INSERT INTO hospitals_medics VALUES(32, 408, '24-11-18');
INSERT INTO hospitals_medics VALUES(30, 409, '24-11-18');
INSERT INTO hospitals_medics VALUES(32, 409, '24-11-18');
INSERT INTO hospitals_medics VALUES(8, 410, '24-11-18');
INSERT INTO hospitals_medics VALUES(42, 410, '24-11-18');
INSERT INTO hospitals_medics VALUES(32, 411, '24-11-18');
INSERT INTO hospitals_medics VALUES(34, 411, '24-11-18');
INSERT INTO hospitals_medics VALUES(7, 412, '24-11-18');
INSERT INTO hospitals_medics VALUES(13, 412, '24-11-18');
INSERT INTO hospitals_medics VALUES(10, 413, '24-11-18');
INSERT INTO hospitals_medics VALUES(16, 413, '24-11-18');
INSERT INTO hospitals_medics VALUES(19, 414, '24-11-18');
INSERT INTO hospitals_medics VALUES(40, 414, '24-11-18');
INSERT INTO hospitals_medics VALUES(10, 415, '24-11-18');
INSERT INTO hospitals_medics VALUES(41, 415, '24-11-18');
INSERT INTO hospitals_medics VALUES(6, 416, '24-11-18');
INSERT INTO hospitals_medics VALUES(13, 416, '24-11-18');
INSERT INTO hospitals_medics VALUES(1, 417, '24-11-18');
INSERT INTO hospitals_medics VALUES(41, 417, '24-11-18');
INSERT INTO hospitals_medics VALUES(13, 418, '24-11-18');
INSERT INTO hospitals_medics VALUES(33, 418, '24-11-18');
INSERT INTO hospitals_medics VALUES(16, 419, '24-11-18');
INSERT INTO hospitals_medics VALUES(21, 419, '24-11-18');
INSERT INTO hospitals_medics VALUES(13, 420, '24-11-18');
INSERT INTO hospitals_medics VALUES(38, 420, '24-11-18');
INSERT INTO hospitals_medics VALUES(12, 421, '24-11-18');
INSERT INTO hospitals_medics VALUES(26, 421, '24-11-18');
INSERT INTO hospitals_medics VALUES(8, 422, '24-11-18');
INSERT INTO hospitals_medics VALUES(25, 422, '24-11-18');
INSERT INTO hospitals_medics VALUES(10, 423, '24-11-18');
INSERT INTO hospitals_medics VALUES(12, 423, '24-11-18');
INSERT INTO hospitals_medics VALUES(10, 424, '24-11-18');
INSERT INTO hospitals_medics VALUES(31, 424, '24-11-18');
INSERT INTO hospitals_medics VALUES(2, 425, '24-11-18');
INSERT INTO hospitals_medics VALUES(19, 425, '24-11-18');
INSERT INTO hospitals_medics VALUES(4, 426, '24-11-18');
INSERT INTO hospitals_medics VALUES(27, 426, '24-11-18');
INSERT INTO hospitals_medics VALUES(2, 427, '24-11-18');
INSERT INTO hospitals_medics VALUES(33, 427, '24-11-18');
INSERT INTO hospitals_medics VALUES(13, 428, '24-11-18');
INSERT INTO hospitals_medics VALUES(41, 428, '24-11-18');
INSERT INTO hospitals_medics VALUES(35, 429, '24-11-18');
INSERT INTO hospitals_medics VALUES(41, 429, '24-11-18');
INSERT INTO hospitals_medics VALUES(9, 430, '24-11-18');
INSERT INTO hospitals_medics VALUES(14, 430, '24-11-18');
INSERT INTO hospitals_medics VALUES(6, 431, '24-11-18');
INSERT INTO hospitals_medics VALUES(41, 431, '24-11-18');
INSERT INTO hospitals_medics VALUES(5, 432, '24-11-18');
INSERT INTO hospitals_medics VALUES(34, 432, '24-11-18');
INSERT INTO hospitals_medics VALUES(11, 433, '24-11-18');
INSERT INTO hospitals_medics VALUES(42, 433, '24-11-18');
INSERT INTO hospitals_medics VALUES(4, 434, '24-11-18');
INSERT INTO hospitals_medics VALUES(42, 434, '24-11-18');
INSERT INTO hospitals_medics VALUES(5, 435, '24-11-18');
INSERT INTO hospitals_medics VALUES(6, 435, '24-11-18');
INSERT INTO hospitals_medics VALUES(28, 436, '24-11-18');
INSERT INTO hospitals_medics VALUES(39, 436, '24-11-18');
INSERT INTO hospitals_medics VALUES(30, 437, '24-11-18');
INSERT INTO hospitals_medics VALUES(37, 437, '24-11-18');
INSERT INTO hospitals_medics VALUES(2, 438, '24-11-18');
INSERT INTO hospitals_medics VALUES(10, 438, '24-11-18');
INSERT INTO hospitals_medics VALUES(1, 439, '24-11-18');
INSERT INTO hospitals_medics VALUES(36, 439, '24-11-18');
INSERT INTO hospitals_medics VALUES(25, 440, '24-11-18');
INSERT INTO hospitals_medics VALUES(37, 440, '24-11-18');
INSERT INTO hospitals_medics VALUES(31, 441, '24-11-18');
INSERT INTO hospitals_medics VALUES(35, 441, '24-11-18');
INSERT INTO hospitals_medics VALUES(3, 442, '24-11-18');
INSERT INTO hospitals_medics VALUES(12, 442, '24-11-18');
INSERT INTO hospitals_medics VALUES(17, 443, '24-11-18');
INSERT INTO hospitals_medics VALUES(37, 443, '24-11-18');
INSERT INTO hospitals_medics VALUES(11, 444, '24-11-18');
INSERT INTO hospitals_medics VALUES(25, 444, '24-11-18');
INSERT INTO hospitals_medics VALUES(32, 445, '24-11-18');
INSERT INTO hospitals_medics VALUES(34, 445, '24-11-18');
INSERT INTO hospitals_medics VALUES(4, 446, '24-11-18');
INSERT INTO hospitals_medics VALUES(38, 446, '24-11-18');
INSERT INTO hospitals_medics VALUES(13, 447, '24-11-18');
INSERT INTO hospitals_medics VALUES(34, 447, '24-11-18');
INSERT INTO hospitals_medics VALUES(32, 448, '24-11-18');
INSERT INTO hospitals_medics VALUES(35, 448, '24-11-18');
INSERT INTO hospitals_medics VALUES(11, 449, '24-11-18');
INSERT INTO hospitals_medics VALUES(25, 449, '24-11-18');
INSERT INTO hospitals_medics VALUES(7, 450, '24-11-18');
INSERT INTO hospitals_medics VALUES(12, 450, '24-11-18');
INSERT INTO hospitals_medics VALUES(18, 451, '24-11-18');
INSERT INTO hospitals_medics VALUES(39, 451, '24-11-18');
INSERT INTO hospitals_medics VALUES(9, 452, '24-11-18');
INSERT INTO hospitals_medics VALUES(17, 452, '24-11-18');
INSERT INTO hospitals_medics VALUES(7, 453, '24-11-18');
INSERT INTO hospitals_medics VALUES(37, 453, '24-11-18');
INSERT INTO hospitals_medics VALUES(21, 454, '24-11-18');
INSERT INTO hospitals_medics VALUES(23, 454, '24-11-18');
INSERT INTO hospitals_medics VALUES(25, 455, '24-11-18');
INSERT INTO hospitals_medics VALUES(33, 455, '24-11-18');
INSERT INTO hospitals_medics VALUES(14, 456, '24-11-18');
INSERT INTO hospitals_medics VALUES(34, 456, '24-11-18');
INSERT INTO hospitals_medics VALUES(16, 457, '24-11-18');
INSERT INTO hospitals_medics VALUES(18, 457, '24-11-18');
INSERT INTO hospitals_medics VALUES(21, 458, '24-11-18');
INSERT INTO hospitals_medics VALUES(43, 458, '24-11-18');
INSERT INTO hospitals_medics VALUES(11, 459, '24-11-18');
INSERT INTO hospitals_medics VALUES(35, 459, '24-11-18');
INSERT INTO hospitals_medics VALUES(8, 460, '24-11-18');
INSERT INTO hospitals_medics VALUES(19, 460, '24-11-18');
INSERT INTO hospitals_medics VALUES(14, 461, '24-11-18');
INSERT INTO hospitals_medics VALUES(28, 461, '24-11-18');
INSERT INTO hospitals_medics VALUES(5, 462, '24-11-18');
INSERT INTO hospitals_medics VALUES(38, 462, '24-11-18');
INSERT INTO hospitals_medics VALUES(1, 463, '24-11-18');
INSERT INTO hospitals_medics VALUES(41, 463, '24-11-18');
INSERT INTO hospitals_medics VALUES(3, 464, '24-11-18');
INSERT INTO hospitals_medics VALUES(43, 464, '24-11-18');
INSERT INTO hospitals_medics VALUES(24, 465, '24-11-18');
INSERT INTO hospitals_medics VALUES(43, 465, '24-11-18');
INSERT INTO hospitals_medics VALUES(23, 466, '24-11-18');
INSERT INTO hospitals_medics VALUES(41, 466, '24-11-18');
INSERT INTO hospitals_medics VALUES(6, 467, '24-11-18');
INSERT INTO hospitals_medics VALUES(35, 467, '24-11-18');
INSERT INTO hospitals_medics VALUES(24, 468, '24-11-18');
INSERT INTO hospitals_medics VALUES(39, 468, '24-11-18');
INSERT INTO hospitals_medics VALUES(7, 469, '24-11-18');
INSERT INTO hospitals_medics VALUES(12, 469, '24-11-18');
INSERT INTO hospitals_medics VALUES(30, 470, '24-11-18');
INSERT INTO hospitals_medics VALUES(42, 470, '24-11-18');
INSERT INTO hospitals_medics VALUES(28, 471, '24-11-18');
INSERT INTO hospitals_medics VALUES(39, 471, '24-11-18');
INSERT INTO hospitals_medics VALUES(35, 472, '24-11-18');
INSERT INTO hospitals_medics VALUES(38, 472, '24-11-18');
INSERT INTO hospitals_medics VALUES(8, 473, '24-11-18');
INSERT INTO hospitals_medics VALUES(36, 473, '24-11-18');
INSERT INTO hospitals_medics VALUES(25, 474, '24-11-18');
INSERT INTO hospitals_medics VALUES(38, 474, '24-11-18');
INSERT INTO hospitals_medics VALUES(7, 475, '24-11-18');
INSERT INTO hospitals_medics VALUES(38, 475, '24-11-18');
INSERT INTO hospitals_medics VALUES(1, 476, '24-11-18');
INSERT INTO hospitals_medics VALUES(3, 476, '24-11-18');
INSERT INTO hospitals_medics VALUES(9, 477, '24-11-18');
INSERT INTO hospitals_medics VALUES(35, 477, '24-11-18');
INSERT INTO hospitals_medics VALUES(15, 478, '24-11-18');
INSERT INTO hospitals_medics VALUES(34, 478, '24-11-18');
INSERT INTO hospitals_medics VALUES(2, 479, '24-11-18');
INSERT INTO hospitals_medics VALUES(14, 479, '24-11-18');
INSERT INTO hospitals_medics VALUES(8, 480, '24-11-18');
INSERT INTO hospitals_medics VALUES(29, 480, '24-11-18');
INSERT INTO hospitals_medics VALUES(11, 481, '24-11-18');
INSERT INTO hospitals_medics VALUES(13, 481, '24-11-18');
INSERT INTO hospitals_medics VALUES(23, 482, '24-11-18');
INSERT INTO hospitals_medics VALUES(27, 482, '24-11-18');
INSERT INTO hospitals_medics VALUES(11, 483, '24-11-18');
INSERT INTO hospitals_medics VALUES(24, 483, '24-11-18');
INSERT INTO hospitals_medics VALUES(1, 484, '24-11-18');
INSERT INTO hospitals_medics VALUES(30, 484, '24-11-18');
INSERT INTO hospitals_medics VALUES(18, 485, '24-11-18');
INSERT INTO hospitals_medics VALUES(34, 485, '24-11-18');
INSERT INTO hospitals_medics VALUES(12, 486, '24-11-18');
INSERT INTO hospitals_medics VALUES(31, 486, '24-11-18');
INSERT INTO hospitals_medics VALUES(16, 487, '24-11-18');
INSERT INTO hospitals_medics VALUES(38, 487, '24-11-18');
INSERT INTO hospitals_medics VALUES(14, 488, '24-11-18');
INSERT INTO hospitals_medics VALUES(38, 488, '24-11-18');
INSERT INTO hospitals_medics VALUES(23, 489, '24-11-18');
INSERT INTO hospitals_medics VALUES(28, 489, '24-11-18');
INSERT INTO hospitals_medics VALUES(3, 490, '24-11-18');
INSERT INTO hospitals_medics VALUES(31, 490, '24-11-18');
INSERT INTO hospitals_medics VALUES(39, 491, '24-11-18');
INSERT INTO hospitals_medics VALUES(41, 491, '24-11-18');
INSERT INTO hospitals_medics VALUES(32, 492, '24-11-18');
INSERT INTO hospitals_medics VALUES(43, 492, '24-11-18');
INSERT INTO hospitals_medics VALUES(20, 493, '24-11-18');
INSERT INTO hospitals_medics VALUES(33, 493, '24-11-18');
INSERT INTO hospitals_medics VALUES(19, 494, '24-11-18');
INSERT INTO hospitals_medics VALUES(31, 494, '24-11-18');
INSERT INTO hospitals_medics VALUES(6, 495, '24-11-18');
INSERT INTO hospitals_medics VALUES(21, 495, '24-11-18');
INSERT INTO hospitals_medics VALUES(22, 496, '24-11-18');
INSERT INTO hospitals_medics VALUES(28, 496, '24-11-18');
INSERT INTO hospitals_medics VALUES(5, 497, '24-11-18');
INSERT INTO hospitals_medics VALUES(26, 497, '24-11-18');
INSERT INTO hospitals_medics VALUES(4, 498, '24-11-18');
INSERT INTO hospitals_medics VALUES(39, 498, '24-11-18');
INSERT INTO hospitals_medics VALUES(15, 499, '24-11-18');
INSERT INTO hospitals_medics VALUES(33, 499, '24-11-18');
INSERT INTO hospitals_medics VALUES(16, 500, '24-11-18');
INSERT INTO hospitals_medics VALUES(28, 500, '24-11-18');
INSERT INTO hospitals_medics VALUES(14, 501, '24-11-18');
INSERT INTO hospitals_medics VALUES(37, 501, '24-11-18');
INSERT INTO hospitals_medics VALUES(11, 502, '24-11-18');
INSERT INTO hospitals_medics VALUES(23, 502, '24-11-18');
INSERT INTO hospitals_medics VALUES(7, 503, '24-11-18');
INSERT INTO hospitals_medics VALUES(14, 503, '24-11-18');
INSERT INTO hospitals_medics VALUES(21, 504, '24-11-18');
INSERT INTO hospitals_medics VALUES(31, 504, '24-11-18');
INSERT INTO hospitals_medics VALUES(20, 505, '24-11-18');
INSERT INTO hospitals_medics VALUES(38, 505, '24-11-18');
INSERT INTO hospitals_medics VALUES(13, 506, '24-11-18');
INSERT INTO hospitals_medics VALUES(26, 506, '24-11-18');
INSERT INTO hospitals_medics VALUES(27, 507, '24-11-18');
INSERT INTO hospitals_medics VALUES(37, 507, '24-11-18');
INSERT INTO hospitals_medics VALUES(23, 508, '24-11-18');
INSERT INTO hospitals_medics VALUES(32, 508, '24-11-18');
INSERT INTO hospitals_medics VALUES(1, 509, '24-11-18');
INSERT INTO hospitals_medics VALUES(10, 509, '24-11-18');
INSERT INTO hospitals_medics VALUES(6, 510, '24-11-18');
INSERT INTO hospitals_medics VALUES(9, 510, '24-11-18');
INSERT INTO hospitals_medics VALUES(21, 511, '24-11-18');
INSERT INTO hospitals_medics VALUES(32, 511, '24-11-18');
INSERT INTO hospitals_medics VALUES(36, 512, '24-11-18');
INSERT INTO hospitals_medics VALUES(38, 512, '24-11-18');
INSERT INTO hospitals_medics VALUES(7, 513, '24-11-18');
INSERT INTO hospitals_medics VALUES(40, 513, '24-11-18');
INSERT INTO hospitals_medics VALUES(12, 514, '24-11-18');
INSERT INTO hospitals_medics VALUES(27, 514, '24-11-18');
INSERT INTO hospitals_medics VALUES(6, 515, '24-11-18');
INSERT INTO hospitals_medics VALUES(31, 515, '24-11-18');
INSERT INTO hospitals_medics VALUES(1, 516, '24-11-18');
INSERT INTO hospitals_medics VALUES(39, 516, '24-11-18');
INSERT INTO hospitals_medics VALUES(8, 517, '24-11-18');
INSERT INTO hospitals_medics VALUES(32, 517, '24-11-18');
INSERT INTO hospitals_medics VALUES(14, 518, '24-11-18');
INSERT INTO hospitals_medics VALUES(30, 518, '24-11-18');
INSERT INTO hospitals_medics VALUES(22, 519, '24-11-18');
INSERT INTO hospitals_medics VALUES(28, 519, '24-11-18');
INSERT INTO hospitals_medics VALUES(8, 520, '24-11-18');
INSERT INTO hospitals_medics VALUES(20, 520, '24-11-18');
INSERT INTO hospitals_medics VALUES(7, 521, '24-11-18');
INSERT INTO hospitals_medics VALUES(27, 521, '24-11-18');
INSERT INTO hospitals_medics VALUES(17, 522, '24-11-18');
INSERT INTO hospitals_medics VALUES(36, 522, '24-11-18');
INSERT INTO hospitals_medics VALUES(1, 523, '24-11-18');
INSERT INTO hospitals_medics VALUES(31, 523, '24-11-18');
INSERT INTO hospitals_medics VALUES(6, 524, '24-11-18');
INSERT INTO hospitals_medics VALUES(43, 524, '24-11-18');
INSERT INTO hospitals_medics VALUES(24, 525, '24-11-18');
INSERT INTO hospitals_medics VALUES(28, 525, '24-11-18');
INSERT INTO hospitals_medics VALUES(10, 526, '24-11-18');
INSERT INTO hospitals_medics VALUES(31, 526, '24-11-18');
INSERT INTO hospitals_medics VALUES(20, 527, '24-11-18');
INSERT INTO hospitals_medics VALUES(30, 527, '24-11-18');
INSERT INTO hospitals_medics VALUES(5, 528, '24-11-18');
INSERT INTO hospitals_medics VALUES(24, 528, '24-11-18');
INSERT INTO hospitals_medics VALUES(32, 529, '24-11-18');
INSERT INTO hospitals_medics VALUES(43, 529, '24-11-18');
INSERT INTO hospitals_medics VALUES(19, 530, '24-11-18');
INSERT INTO hospitals_medics VALUES(20, 530, '24-11-18');
INSERT INTO hospitals_medics VALUES(28, 531, '24-11-18');
INSERT INTO hospitals_medics VALUES(43, 531, '24-11-18');
INSERT INTO hospitals_medics VALUES(11, 532, '24-11-18');
INSERT INTO hospitals_medics VALUES(18, 532, '24-11-18');
INSERT INTO hospitals_medics VALUES(12, 533, '24-11-18');
INSERT INTO hospitals_medics VALUES(21, 533, '24-11-18');
INSERT INTO hospitals_medics VALUES(16, 534, '24-11-18');
INSERT INTO hospitals_medics VALUES(21, 534, '24-11-18');
INSERT INTO hospitals_medics VALUES(2, 535, '24-11-18');
INSERT INTO hospitals_medics VALUES(31, 535, '24-11-18');
INSERT INTO hospitals_medics VALUES(5, 536, '24-11-18');
INSERT INTO hospitals_medics VALUES(27, 536, '24-11-18');
INSERT INTO hospitals_medics VALUES(28, 537, '24-11-18');
INSERT INTO hospitals_medics VALUES(38, 537, '24-11-18');
INSERT INTO hospitals_medics VALUES(24, 538, '24-11-18');
INSERT INTO hospitals_medics VALUES(32, 538, '24-11-18');
INSERT INTO hospitals_medics VALUES(14, 539, '24-11-18');
INSERT INTO hospitals_medics VALUES(29, 539, '24-11-18');
INSERT INTO hospitals_medics VALUES(1, 540, '24-11-18');
INSERT INTO hospitals_medics VALUES(41, 540, '24-11-18');
INSERT INTO hospitals_medics VALUES(17, 541, '24-11-18');
INSERT INTO hospitals_medics VALUES(26, 541, '24-11-18');
INSERT INTO hospitals_medics VALUES(9, 542, '24-11-18');
INSERT INTO hospitals_medics VALUES(16, 542, '24-11-18');
INSERT INTO hospitals_medics VALUES(13, 543, '24-11-18');
INSERT INTO hospitals_medics VALUES(21, 543, '24-11-18');
INSERT INTO hospitals_medics VALUES(13, 544, '24-11-18');
INSERT INTO hospitals_medics VALUES(31, 544, '24-11-18');
INSERT INTO hospitals_medics VALUES(30, 545, '24-11-18');
INSERT INTO hospitals_medics VALUES(36, 545, '24-11-18');
INSERT INTO hospitals_medics VALUES(11, 546, '24-11-18');
INSERT INTO hospitals_medics VALUES(21, 546, '24-11-18');
INSERT INTO hospitals_medics VALUES(25, 547, '24-11-18');
INSERT INTO hospitals_medics VALUES(35, 547, '24-11-18');
INSERT INTO hospitals_medics VALUES(5, 548, '24-11-18');
INSERT INTO hospitals_medics VALUES(32, 548, '24-11-18');
INSERT INTO hospitals_medics VALUES(3, 549, '24-11-18');
INSERT INTO hospitals_medics VALUES(11, 549, '24-11-18');
INSERT INTO hospitals_medics VALUES(10, 550, '24-11-18');
INSERT INTO hospitals_medics VALUES(13, 550, '24-11-18');
INSERT INTO hospitals_medics VALUES(16, 551, '24-11-18');
INSERT INTO hospitals_medics VALUES(43, 551, '24-11-18');
INSERT INTO hospitals_medics VALUES(20, 552, '24-11-18');
INSERT INTO hospitals_medics VALUES(23, 552, '24-11-18');
INSERT INTO hospitals_medics VALUES(19, 553, '24-11-18');
INSERT INTO hospitals_medics VALUES(26, 553, '24-11-18');
INSERT INTO hospitals_medics VALUES(4, 554, '24-11-18');
INSERT INTO hospitals_medics VALUES(8, 554, '24-11-18');
INSERT INTO hospitals_medics VALUES(32, 555, '24-11-18');
INSERT INTO hospitals_medics VALUES(34, 555, '24-11-18');
INSERT INTO hospitals_medics VALUES(32, 556, '24-11-18');
INSERT INTO hospitals_medics VALUES(35, 556, '24-11-18');
INSERT INTO hospitals_medics VALUES(1, 557, '24-11-18');
INSERT INTO hospitals_medics VALUES(29, 557, '24-11-18');
INSERT INTO hospitals_medics VALUES(5, 558, '24-11-18');
INSERT INTO hospitals_medics VALUES(32, 558, '24-11-18');
INSERT INTO hospitals_medics VALUES(39, 559, '24-11-18');
INSERT INTO hospitals_medics VALUES(41, 559, '24-11-18');
INSERT INTO hospitals_medics VALUES(3, 560, '24-11-18');
INSERT INTO hospitals_medics VALUES(26, 560, '24-11-18');
INSERT INTO hospitals_medics VALUES(5, 561, '24-11-18');
INSERT INTO hospitals_medics VALUES(13, 561, '24-11-18');
INSERT INTO hospitals_medics VALUES(18, 562, '24-11-18');
INSERT INTO hospitals_medics VALUES(39, 562, '24-11-18');
INSERT INTO hospitals_medics VALUES(16, 563, '24-11-18');
INSERT INTO hospitals_medics VALUES(34, 563, '24-11-18');
INSERT INTO hospitals_medics VALUES(8, 564, '24-11-18');
INSERT INTO hospitals_medics VALUES(43, 564, '24-11-18');
INSERT INTO hospitals_medics VALUES(26, 565, '24-11-18');
INSERT INTO hospitals_medics VALUES(38, 565, '24-11-18');
INSERT INTO hospitals_medics VALUES(31, 566, '24-11-18');
INSERT INTO hospitals_medics VALUES(40, 566, '24-11-18');
INSERT INTO hospitals_medics VALUES(28, 567, '24-11-18');
INSERT INTO hospitals_medics VALUES(29, 567, '24-11-18');
INSERT INTO hospitals_medics VALUES(6, 568, '24-11-18');
INSERT INTO hospitals_medics VALUES(17, 568, '24-11-18');
INSERT INTO hospitals_medics VALUES(9, 569, '24-11-18');
INSERT INTO hospitals_medics VALUES(30, 569, '24-11-18');
INSERT INTO hospitals_medics VALUES(23, 570, '24-11-18');
INSERT INTO hospitals_medics VALUES(37, 570, '24-11-18');
INSERT INTO hospitals_medics VALUES(30, 571, '24-11-18');
INSERT INTO hospitals_medics VALUES(33, 571, '24-11-18');
INSERT INTO hospitals_medics VALUES(14, 572, '24-11-18');
INSERT INTO hospitals_medics VALUES(40, 572, '24-11-18');
INSERT INTO hospitals_medics VALUES(14, 573, '24-11-18');
INSERT INTO hospitals_medics VALUES(19, 573, '24-11-18');
INSERT INTO hospitals_medics VALUES(37, 574, '24-11-18');
INSERT INTO hospitals_medics VALUES(42, 574, '24-11-18');
INSERT INTO hospitals_medics VALUES(31, 575, '24-11-18');
INSERT INTO hospitals_medics VALUES(42, 575, '24-11-18');
INSERT INTO hospitals_medics VALUES(8, 576, '24-11-18');
INSERT INTO hospitals_medics VALUES(11, 576, '24-11-18');
INSERT INTO hospitals_medics VALUES(1, 577, '24-11-18');
INSERT INTO hospitals_medics VALUES(31, 577, '24-11-18');
INSERT INTO hospitals_medics VALUES(5, 578, '24-11-18');
INSERT INTO hospitals_medics VALUES(17, 578, '24-11-18');
INSERT INTO hospitals_medics VALUES(22, 579, '24-11-18');
INSERT INTO hospitals_medics VALUES(43, 579, '24-11-18');
INSERT INTO hospitals_medics VALUES(15, 580, '24-11-18');
INSERT INTO hospitals_medics VALUES(24, 580, '24-11-18');
INSERT INTO hospitals_medics VALUES(8, 581, '24-11-18');
INSERT INTO hospitals_medics VALUES(31, 581, '24-11-18');
INSERT INTO hospitals_medics VALUES(9, 582, '24-11-18');
INSERT INTO hospitals_medics VALUES(29, 582, '24-11-18');
INSERT INTO hospitals_medics VALUES(1, 583, '24-11-18');
INSERT INTO hospitals_medics VALUES(34, 583, '24-11-18');
INSERT INTO hospitals_medics VALUES(31, 584, '24-11-18');
INSERT INTO hospitals_medics VALUES(34, 584, '24-11-18');
INSERT INTO hospitals_medics VALUES(24, 585, '24-11-18');
INSERT INTO hospitals_medics VALUES(29, 585, '24-11-18');
INSERT INTO hospitals_medics VALUES(13, 586, '24-11-18');
INSERT INTO hospitals_medics VALUES(30, 586, '24-11-18');
INSERT INTO hospitals_medics VALUES(7, 587, '24-11-18');
INSERT INTO hospitals_medics VALUES(16, 587, '24-11-18');
INSERT INTO hospitals_medics VALUES(3, 588, '24-11-18');
INSERT INTO hospitals_medics VALUES(40, 588, '24-11-18');
INSERT INTO hospitals_medics VALUES(23, 589, '24-11-18');
INSERT INTO hospitals_medics VALUES(34, 589, '24-11-18');
INSERT INTO hospitals_medics VALUES(20, 590, '24-11-18');
INSERT INTO hospitals_medics VALUES(36, 590, '24-11-18');
INSERT INTO hospitals_medics VALUES(19, 591, '24-11-18');
INSERT INTO hospitals_medics VALUES(36, 591, '24-11-18');
INSERT INTO hospitals_medics VALUES(10, 592, '24-11-18');
INSERT INTO hospitals_medics VALUES(11, 592, '24-11-18');
INSERT INTO hospitals_medics VALUES(18, 593, '24-11-18');
INSERT INTO hospitals_medics VALUES(34, 593, '24-11-18');
INSERT INTO hospitals_medics VALUES(29, 594, '24-11-18');
INSERT INTO hospitals_medics VALUES(40, 594, '24-11-18');
INSERT INTO hospitals_medics VALUES(8, 595, '24-11-18');
INSERT INTO hospitals_medics VALUES(39, 595, '24-11-18');
INSERT INTO hospitals_medics VALUES(37, 596, '24-11-18');
INSERT INTO hospitals_medics VALUES(41, 596, '24-11-18');
INSERT INTO hospitals_medics VALUES(5, 597, '24-11-18');
INSERT INTO hospitals_medics VALUES(8, 597, '24-11-18');
INSERT INTO hospitals_medics VALUES(39, 598, '24-11-18');
INSERT INTO hospitals_medics VALUES(42, 598, '24-11-18');
INSERT INTO hospitals_medics VALUES(18, 599, '24-11-18');
INSERT INTO hospitals_medics VALUES(26, 599, '24-11-18');
INSERT INTO hospitals_medics VALUES(18, 600, '24-11-18');
INSERT INTO hospitals_medics VALUES(42, 600, '24-11-18');
INSERT INTO hospitals_medics VALUES(6, 601, '24-11-18');
INSERT INTO hospitals_medics VALUES(19, 601, '24-11-18');
INSERT INTO hospitals_medics VALUES(15, 602, '24-11-18');
INSERT INTO hospitals_medics VALUES(29, 602, '24-11-18');
INSERT INTO hospitals_medics VALUES(24, 603, '24-11-18');
INSERT INTO hospitals_medics VALUES(33, 603, '24-11-18');
INSERT INTO hospitals_medics VALUES(26, 604, '24-11-18');
INSERT INTO hospitals_medics VALUES(36, 604, '24-11-18');
INSERT INTO hospitals_medics VALUES(27, 605, '24-11-18');
INSERT INTO hospitals_medics VALUES(39, 605, '24-11-18');
INSERT INTO hospitals_medics VALUES(32, 606, '24-11-18');
INSERT INTO hospitals_medics VALUES(35, 606, '24-11-18');
INSERT INTO hospitals_medics VALUES(29, 607, '24-11-18');
INSERT INTO hospitals_medics VALUES(34, 607, '24-11-18');
INSERT INTO hospitals_medics VALUES(25, 608, '24-11-18');
INSERT INTO hospitals_medics VALUES(38, 608, '24-11-18');
INSERT INTO hospitals_medics VALUES(18, 609, '24-11-18');
INSERT INTO hospitals_medics VALUES(34, 609, '24-11-18');
INSERT INTO hospitals_medics VALUES(11, 610, '24-11-18');
INSERT INTO hospitals_medics VALUES(32, 610, '24-11-18');
INSERT INTO hospitals_medics VALUES(18, 611, '24-11-18');
INSERT INTO hospitals_medics VALUES(24, 611, '24-11-18');
INSERT INTO hospitals_medics VALUES(29, 612, '24-11-18');
INSERT INTO hospitals_medics VALUES(42, 612, '24-11-18');
INSERT INTO hospitals_medics VALUES(12, 613, '24-11-18');
INSERT INTO hospitals_medics VALUES(27, 613, '24-11-18');
INSERT INTO hospitals_medics VALUES(14, 614, '24-11-18');
INSERT INTO hospitals_medics VALUES(38, 614, '24-11-18');
INSERT INTO hospitals_medics VALUES(32, 615, '24-11-18');
INSERT INTO hospitals_medics VALUES(42, 615, '24-11-18');
INSERT INTO hospitals_medics VALUES(1, 616, '24-11-18');
INSERT INTO hospitals_medics VALUES(13, 616, '24-11-18');
INSERT INTO hospitals_medics VALUES(33, 617, '24-11-18');
INSERT INTO hospitals_medics VALUES(41, 617, '24-11-18');
INSERT INTO hospitals_medics VALUES(1, 618, '24-11-18');
INSERT INTO hospitals_medics VALUES(18, 618, '24-11-18');
INSERT INTO hospitals_medics VALUES(31, 619, '24-11-18');
INSERT INTO hospitals_medics VALUES(43, 619, '24-11-18');
INSERT INTO hospitals_medics VALUES(11, 620, '24-11-18');
INSERT INTO hospitals_medics VALUES(35, 620, '24-11-18');
INSERT INTO hospitals_medics VALUES(10, 621, '24-11-18');
INSERT INTO hospitals_medics VALUES(22, 621, '24-11-18');
INSERT INTO hospitals_medics VALUES(10, 622, '24-11-18');
INSERT INTO hospitals_medics VALUES(14, 622, '24-11-18');
INSERT INTO hospitals_medics VALUES(5, 623, '24-11-18');
INSERT INTO hospitals_medics VALUES(23, 623, '24-11-18');
INSERT INTO hospitals_medics VALUES(3, 624, '24-11-18');
INSERT INTO hospitals_medics VALUES(20, 624, '24-11-18');
INSERT INTO hospitals_medics VALUES(24, 625, '24-11-18');
INSERT INTO hospitals_medics VALUES(32, 625, '24-11-18');
INSERT INTO hospitals_medics VALUES(5, 626, '24-11-18');
INSERT INTO hospitals_medics VALUES(15, 626, '24-11-18');
INSERT INTO hospitals_medics VALUES(30, 627, '24-11-18');
INSERT INTO hospitals_medics VALUES(36, 627, '24-11-18');
INSERT INTO hospitals_medics VALUES(12, 628, '24-11-18');
INSERT INTO hospitals_medics VALUES(36, 628, '24-11-18');
INSERT INTO hospitals_medics VALUES(3, 629, '24-11-18');
INSERT INTO hospitals_medics VALUES(18, 629, '24-11-18');
INSERT INTO hospitals_medics VALUES(9, 630, '24-11-18');
INSERT INTO hospitals_medics VALUES(36, 630, '24-11-18');
INSERT INTO hospitals_medics VALUES(5, 631, '24-11-18');
INSERT INTO hospitals_medics VALUES(28, 631, '24-11-18');
INSERT INTO hospitals_medics VALUES(10, 632, '24-11-18');
INSERT INTO hospitals_medics VALUES(24, 632, '24-11-18');
INSERT INTO hospitals_medics VALUES(36, 633, '24-11-18');
INSERT INTO hospitals_medics VALUES(42, 633, '24-11-18');
INSERT INTO hospitals_medics VALUES(21, 634, '24-11-18');
INSERT INTO hospitals_medics VALUES(42, 634, '24-11-18');
INSERT INTO hospitals_medics VALUES(26, 635, '24-11-18');
INSERT INTO hospitals_medics VALUES(30, 635, '24-11-18');
INSERT INTO hospitals_medics VALUES(6, 636, '24-11-18');
INSERT INTO hospitals_medics VALUES(30, 636, '24-11-18');
INSERT INTO hospitals_medics VALUES(14, 637, '24-11-18');
INSERT INTO hospitals_medics VALUES(32, 637, '24-11-18');
INSERT INTO hospitals_medics VALUES(24, 638, '24-11-18');
INSERT INTO hospitals_medics VALUES(37, 638, '24-11-18');
INSERT INTO hospitals_medics VALUES(6, 639, '24-11-18');
INSERT INTO hospitals_medics VALUES(31, 639, '24-11-18');
INSERT INTO hospitals_medics VALUES(30, 640, '24-11-18');
INSERT INTO hospitals_medics VALUES(39, 640, '24-11-18');
INSERT INTO hospitals_medics VALUES(11, 641, '24-11-18');
INSERT INTO hospitals_medics VALUES(35, 641, '24-11-18');
INSERT INTO hospitals_medics VALUES(19, 642, '24-11-18');
INSERT INTO hospitals_medics VALUES(29, 642, '24-11-18');
INSERT INTO hospitals_medics VALUES(8, 643, '24-11-18');
INSERT INTO hospitals_medics VALUES(31, 643, '24-11-18');
INSERT INTO hospitals_medics VALUES(15, 644, '24-11-18');
INSERT INTO hospitals_medics VALUES(17, 644, '24-11-18');
INSERT INTO hospitals_medics VALUES(3, 645, '24-11-18');
INSERT INTO hospitals_medics VALUES(41, 645, '24-11-18');
INSERT INTO hospitals_medics VALUES(19, 646, '24-11-18');
INSERT INTO hospitals_medics VALUES(38, 646, '24-11-18');
INSERT INTO hospitals_medics VALUES(1, 647, '24-11-18');
INSERT INTO hospitals_medics VALUES(41, 647, '24-11-18');
INSERT INTO hospitals_medics VALUES(7, 648, '24-11-18');
INSERT INTO hospitals_medics VALUES(33, 648, '24-11-18');
INSERT INTO hospitals_medics VALUES(13, 649, '24-11-18');
INSERT INTO hospitals_medics VALUES(41, 649, '24-11-18');
INSERT INTO hospitals_medics VALUES(21, 650, '24-11-18');
INSERT INTO hospitals_medics VALUES(35, 650, '24-11-18');
INSERT INTO hospitals_medics VALUES(23, 651, '24-11-18');
INSERT INTO hospitals_medics VALUES(29, 651, '24-11-18');
INSERT INTO hospitals_medics VALUES(20, 652, '24-11-18');
INSERT INTO hospitals_medics VALUES(30, 652, '24-11-18');
INSERT INTO hospitals_medics VALUES(19, 653, '24-11-18');
INSERT INTO hospitals_medics VALUES(29, 653, '24-11-18');
INSERT INTO hospitals_medics VALUES(35, 654, '24-11-18');
INSERT INTO hospitals_medics VALUES(43, 654, '24-11-18');
INSERT INTO hospitals_medics VALUES(30, 655, '24-11-18');
INSERT INTO hospitals_medics VALUES(41, 655, '24-11-18');
INSERT INTO hospitals_medics VALUES(19, 656, '24-11-18');
INSERT INTO hospitals_medics VALUES(40, 656, '24-11-18');
INSERT INTO hospitals_medics VALUES(12, 657, '24-11-18');
INSERT INTO hospitals_medics VALUES(36, 657, '24-11-18');
INSERT INTO hospitals_medics VALUES(20, 658, '24-11-18');
INSERT INTO hospitals_medics VALUES(21, 658, '24-11-18');
INSERT INTO hospitals_medics VALUES(13, 659, '24-11-18');
INSERT INTO hospitals_medics VALUES(32, 659, '24-11-18');
INSERT INTO hospitals_medics VALUES(31, 660, '24-11-18');
INSERT INTO hospitals_medics VALUES(33, 660, '24-11-18');
INSERT INTO hospitals_medics VALUES(10, 661, '24-11-18');
INSERT INTO hospitals_medics VALUES(38, 661, '24-11-18');
INSERT INTO hospitals_medics VALUES(35, 662, '24-11-18');
INSERT INTO hospitals_medics VALUES(41, 662, '24-11-18');
INSERT INTO hospitals_medics VALUES(11, 663, '24-11-18');
INSERT INTO hospitals_medics VALUES(32, 663, '24-11-18');
INSERT INTO hospitals_medics VALUES(3, 664, '24-11-18');
INSERT INTO hospitals_medics VALUES(19, 664, '24-11-18');
INSERT INTO hospitals_medics VALUES(11, 665, '24-11-18');
INSERT INTO hospitals_medics VALUES(38, 665, '24-11-18');
INSERT INTO hospitals_medics VALUES(15, 666, '24-11-18');
INSERT INTO hospitals_medics VALUES(30, 666, '24-11-18');
INSERT INTO hospitals_medics VALUES(8, 667, '24-11-18');
INSERT INTO hospitals_medics VALUES(26, 667, '24-11-18');
INSERT INTO hospitals_medics VALUES(27, 668, '24-11-18');
INSERT INTO hospitals_medics VALUES(31, 668, '24-11-18');
INSERT INTO hospitals_medics VALUES(10, 669, '24-11-18');
INSERT INTO hospitals_medics VALUES(13, 669, '24-11-18');
INSERT INTO hospitals_medics VALUES(1, 670, '24-11-18');
INSERT INTO hospitals_medics VALUES(30, 670, '24-11-18');
INSERT INTO hospitals_medics VALUES(1, 671, '24-11-18');
INSERT INTO hospitals_medics VALUES(25, 671, '24-11-18');
INSERT INTO hospitals_medics VALUES(10, 672, '24-11-18');
INSERT INTO hospitals_medics VALUES(22, 672, '24-11-18');
INSERT INTO hospitals_medics VALUES(10, 673, '24-11-18');
INSERT INTO hospitals_medics VALUES(31, 673, '24-11-18');
INSERT INTO hospitals_medics VALUES(2, 674, '24-11-18');
INSERT INTO hospitals_medics VALUES(15, 674, '24-11-18');
INSERT INTO hospitals_medics VALUES(17, 675, '24-11-18');
INSERT INTO hospitals_medics VALUES(18, 675, '24-11-18');
INSERT INTO hospitals_medics VALUES(28, 676, '24-11-18');
INSERT INTO hospitals_medics VALUES(30, 676, '24-11-18');
INSERT INTO hospitals_medics VALUES(9, 677, '24-11-18');
INSERT INTO hospitals_medics VALUES(34, 677, '24-11-18');
INSERT INTO hospitals_medics VALUES(8, 678, '24-11-18');
INSERT INTO hospitals_medics VALUES(29, 678, '24-11-18');
INSERT INTO hospitals_medics VALUES(27, 679, '24-11-18');
INSERT INTO hospitals_medics VALUES(43, 679, '24-11-18');
INSERT INTO hospitals_medics VALUES(32, 680, '24-11-18');
INSERT INTO hospitals_medics VALUES(43, 680, '24-11-18');
INSERT INTO hospitals_medics VALUES(20, 681, '24-11-18');
INSERT INTO hospitals_medics VALUES(30, 681, '24-11-18');
INSERT INTO hospitals_medics VALUES(40, 682, '24-11-18');
INSERT INTO hospitals_medics VALUES(42, 682, '24-11-18');
INSERT INTO hospitals_medics VALUES(9, 683, '24-11-18');
INSERT INTO hospitals_medics VALUES(22, 683, '24-11-18');
INSERT INTO hospitals_medics VALUES(39, 684, '24-11-18');
INSERT INTO hospitals_medics VALUES(40, 684, '24-11-18');
INSERT INTO hospitals_medics VALUES(8, 685, '24-11-18');
INSERT INTO hospitals_medics VALUES(39, 685, '24-11-18');
INSERT INTO hospitals_medics VALUES(16, 686, '24-11-18');
INSERT INTO hospitals_medics VALUES(37, 686, '24-11-18');
INSERT INTO hospitals_medics VALUES(33, 687, '24-11-18');
INSERT INTO hospitals_medics VALUES(36, 687, '24-11-18');
INSERT INTO hospitals_medics VALUES(32, 688, '24-11-18');
INSERT INTO hospitals_medics VALUES(39, 688, '24-11-18');
INSERT INTO hospitals_medics VALUES(13, 689, '24-11-18');
INSERT INTO hospitals_medics VALUES(33, 689, '24-11-18');
INSERT INTO hospitals_medics VALUES(10, 690, '24-11-18');
INSERT INTO hospitals_medics VALUES(20, 690, '24-11-18');
INSERT INTO hospitals_medics VALUES(36, 691, '24-11-18');
INSERT INTO hospitals_medics VALUES(42, 691, '24-11-18');
INSERT INTO hospitals_medics VALUES(8, 692, '24-11-18');
INSERT INTO hospitals_medics VALUES(13, 692, '24-11-18');
INSERT INTO hospitals_medics VALUES(29, 693, '24-11-18');
INSERT INTO hospitals_medics VALUES(42, 693, '24-11-18');
INSERT INTO hospitals_medics VALUES(30, 694, '24-11-18');
INSERT INTO hospitals_medics VALUES(36, 694, '24-11-18');
INSERT INTO hospitals_medics VALUES(18, 695, '24-11-18');
INSERT INTO hospitals_medics VALUES(39, 695, '24-11-18');
INSERT INTO hospitals_medics VALUES(13, 696, '24-11-18');
INSERT INTO hospitals_medics VALUES(41, 696, '24-11-18');
INSERT INTO hospitals_medics VALUES(12, 697, '24-11-18');
INSERT INTO hospitals_medics VALUES(33, 697, '24-11-18');
INSERT INTO hospitals_medics VALUES(23, 698, '24-11-18');
INSERT INTO hospitals_medics VALUES(37, 698, '24-11-18');
INSERT INTO hospitals_medics VALUES(2, 699, '24-11-18');
INSERT INTO hospitals_medics VALUES(39, 699, '24-11-18');
INSERT INTO hospitals_medics VALUES(4, 700, '24-11-18');
INSERT INTO hospitals_medics VALUES(42, 700, '24-11-18');
INSERT INTO hospitals_medics VALUES(15, 701, '24-11-18');
INSERT INTO hospitals_medics VALUES(21, 701, '24-11-18');
INSERT INTO hospitals_medics VALUES(22, 702, '24-11-18');
INSERT INTO hospitals_medics VALUES(39, 702, '24-11-18');
INSERT INTO hospitals_medics VALUES(21, 703, '24-11-18');
INSERT INTO hospitals_medics VALUES(29, 703, '24-11-18');
INSERT INTO hospitals_medics VALUES(5, 704, '24-11-18');
INSERT INTO hospitals_medics VALUES(9, 704, '24-11-18');
INSERT INTO hospitals_medics VALUES(10, 705, '24-11-18');
INSERT INTO hospitals_medics VALUES(41, 705, '24-11-18');
INSERT INTO hospitals_medics VALUES(20, 706, '24-11-18');
INSERT INTO hospitals_medics VALUES(26, 706, '24-11-18');
INSERT INTO hospitals_medics VALUES(33, 707, '24-11-18');
INSERT INTO hospitals_medics VALUES(41, 707, '24-11-18');
INSERT INTO hospitals_medics VALUES(9, 708, '24-11-18');
INSERT INTO hospitals_medics VALUES(35, 708, '24-11-18');
INSERT INTO hospitals_medics VALUES(9, 709, '24-11-18');
INSERT INTO hospitals_medics VALUES(28, 709, '24-11-18');
INSERT INTO hospitals_medics VALUES(1, 710, '24-11-18');
INSERT INTO hospitals_medics VALUES(33, 710, '24-11-18');
INSERT INTO hospitals_medics VALUES(5, 711, '24-11-18');
INSERT INTO hospitals_medics VALUES(10, 711, '24-11-18');
INSERT INTO hospitals_medics VALUES(22, 712, '24-11-18');
INSERT INTO hospitals_medics VALUES(29, 712, '24-11-18');
INSERT INTO hospitals_medics VALUES(10, 713, '24-11-18');
INSERT INTO hospitals_medics VALUES(21, 713, '24-11-18');
INSERT INTO hospitals_medics VALUES(5, 714, '24-11-18');
INSERT INTO hospitals_medics VALUES(20, 714, '24-11-18');
INSERT INTO hospitals_medics VALUES(20, 715, '24-11-18');
INSERT INTO hospitals_medics VALUES(30, 715, '24-11-18');
INSERT INTO hospitals_medics VALUES(28, 716, '24-11-18');
INSERT INTO hospitals_medics VALUES(39, 716, '24-11-18');
INSERT INTO hospitals_medics VALUES(22, 717, '24-11-18');
INSERT INTO hospitals_medics VALUES(40, 717, '24-11-18');
INSERT INTO hospitals_medics VALUES(15, 718, '24-11-18');
INSERT INTO hospitals_medics VALUES(25, 718, '24-11-18');
INSERT INTO hospitals_medics VALUES(23, 719, '24-11-18');
INSERT INTO hospitals_medics VALUES(38, 719, '24-11-18');
INSERT INTO hospitals_medics VALUES(30, 720, '24-11-18');
INSERT INTO hospitals_medics VALUES(43, 720, '24-11-18');
INSERT INTO hospitals_medics VALUES(17, 721, '24-11-18');
INSERT INTO hospitals_medics VALUES(21, 721, '24-11-18');
INSERT INTO hospitals_medics VALUES(13, 722, '24-11-18');
INSERT INTO hospitals_medics VALUES(26, 722, '24-11-18');
INSERT INTO hospitals_medics VALUES(14, 723, '24-11-18');
INSERT INTO hospitals_medics VALUES(33, 723, '24-11-18');
INSERT INTO hospitals_medics VALUES(5, 724, '24-11-18');
INSERT INTO hospitals_medics VALUES(27, 724, '24-11-18');
INSERT INTO hospitals_medics VALUES(16, 725, '24-11-18');
INSERT INTO hospitals_medics VALUES(26, 725, '24-11-18');
INSERT INTO hospitals_medics VALUES(3, 726, '24-11-18');
INSERT INTO hospitals_medics VALUES(10, 726, '24-11-18');
INSERT INTO hospitals_medics VALUES(21, 727, '24-11-18');
INSERT INTO hospitals_medics VALUES(22, 727, '24-11-18');
INSERT INTO hospitals_medics VALUES(40, 728, '24-11-18');
INSERT INTO hospitals_medics VALUES(43, 728, '24-11-18');
INSERT INTO hospitals_medics VALUES(1, 729, '24-11-18');
INSERT INTO hospitals_medics VALUES(41, 729, '24-11-18');
INSERT INTO hospitals_medics VALUES(21, 730, '24-11-18');
INSERT INTO hospitals_medics VALUES(34, 730, '24-11-18');
INSERT INTO hospitals_medics VALUES(2, 731, '24-11-18');
INSERT INTO hospitals_medics VALUES(27, 731, '24-11-18');
INSERT INTO hospitals_medics VALUES(7, 732, '24-11-18');
INSERT INTO hospitals_medics VALUES(35, 732, '24-11-18');
INSERT INTO hospitals_medics VALUES(20, 733, '24-11-18');
INSERT INTO hospitals_medics VALUES(22, 733, '24-11-18');
INSERT INTO hospitals_medics VALUES(25, 734, '24-11-18');
INSERT INTO hospitals_medics VALUES(30, 734, '24-11-18');
INSERT INTO hospitals_medics VALUES(5, 735, '24-11-18');
INSERT INTO hospitals_medics VALUES(19, 735, '24-11-18');
INSERT INTO hospitals_medics VALUES(6, 736, '24-11-18');
INSERT INTO hospitals_medics VALUES(38, 736, '24-11-18');
INSERT INTO hospitals_medics VALUES(26, 737, '24-11-18');
INSERT INTO hospitals_medics VALUES(43, 737, '24-11-18');
INSERT INTO hospitals_medics VALUES(5, 738, '24-11-18');
INSERT INTO hospitals_medics VALUES(24, 738, '24-11-18');
INSERT INTO hospitals_medics VALUES(1, 739, '24-11-18');
INSERT INTO hospitals_medics VALUES(33, 739, '24-11-18');
INSERT INTO hospitals_medics VALUES(20, 740, '24-11-18');
INSERT INTO hospitals_medics VALUES(34, 740, '24-11-18');
INSERT INTO hospitals_medics VALUES(10, 741, '24-11-18');
INSERT INTO hospitals_medics VALUES(39, 741, '24-11-18');
INSERT INTO hospitals_medics VALUES(15, 742, '24-11-18');
INSERT INTO hospitals_medics VALUES(34, 742, '24-11-18');
INSERT INTO hospitals_medics VALUES(1, 743, '24-11-18');
INSERT INTO hospitals_medics VALUES(17, 743, '24-11-18');
INSERT INTO hospitals_medics VALUES(32, 744, '24-11-18');
INSERT INTO hospitals_medics VALUES(35, 744, '24-11-18');
INSERT INTO hospitals_medics VALUES(10, 745, '24-11-18');
INSERT INTO hospitals_medics VALUES(40, 745, '24-11-18');
INSERT INTO hospitals_medics VALUES(5, 746, '24-11-18');
INSERT INTO hospitals_medics VALUES(9, 746, '24-11-18');
INSERT INTO hospitals_medics VALUES(14, 747, '24-11-18');
INSERT INTO hospitals_medics VALUES(25, 747, '24-11-18');
INSERT INTO hospitals_medics VALUES(28, 748, '24-11-18');
INSERT INTO hospitals_medics VALUES(29, 748, '24-11-18');
INSERT INTO hospitals_medics VALUES(5, 749, '24-11-18');
INSERT INTO hospitals_medics VALUES(32, 749, '24-11-18');
INSERT INTO hospitals_medics VALUES(11, 750, '24-11-18');
INSERT INTO hospitals_medics VALUES(33, 750, '24-11-18');
INSERT INTO hospitals_medics VALUES(9, 751, '24-11-18');
INSERT INTO hospitals_medics VALUES(39, 751, '24-11-18');
INSERT INTO hospitals_medics VALUES(35, 752, '24-11-18');
INSERT INTO hospitals_medics VALUES(42, 752, '24-11-18');
INSERT INTO hospitals_medics VALUES(3, 753, '24-11-18');
INSERT INTO hospitals_medics VALUES(37, 753, '24-11-18');
INSERT INTO hospitals_medics VALUES(30, 754, '24-11-18');
INSERT INTO hospitals_medics VALUES(39, 754, '24-11-18');
INSERT INTO hospitals_medics VALUES(15, 755, '24-11-18');
INSERT INTO hospitals_medics VALUES(27, 755, '24-11-18');
INSERT INTO hospitals_medics VALUES(8, 756, '24-11-18');
INSERT INTO hospitals_medics VALUES(28, 756, '24-11-18');
INSERT INTO hospitals_medics VALUES(23, 757, '24-11-18');
INSERT INTO hospitals_medics VALUES(25, 757, '24-11-18');
INSERT INTO hospitals_medics VALUES(9, 758, '24-11-18');
INSERT INTO hospitals_medics VALUES(38, 758, '24-11-18');
INSERT INTO hospitals_medics VALUES(5, 759, '24-11-18');
INSERT INTO hospitals_medics VALUES(24, 759, '24-11-18');
INSERT INTO hospitals_medics VALUES(11, 760, '24-11-18');
INSERT INTO hospitals_medics VALUES(26, 760, '24-11-18');
INSERT INTO hospitals_medics VALUES(23, 761, '24-11-18');
INSERT INTO hospitals_medics VALUES(31, 761, '24-11-18');
INSERT INTO hospitals_medics VALUES(11, 762, '24-11-18');
INSERT INTO hospitals_medics VALUES(29, 762, '24-11-18');
INSERT INTO hospitals_medics VALUES(17, 763, '24-11-18');
INSERT INTO hospitals_medics VALUES(42, 763, '24-11-18');
INSERT INTO hospitals_medics VALUES(13, 764, '24-11-18');
INSERT INTO hospitals_medics VALUES(43, 764, '24-11-18');
INSERT INTO hospitals_medics VALUES(10, 765, '24-11-18');
INSERT INTO hospitals_medics VALUES(22, 765, '24-11-18');
INSERT INTO hospitals_medics VALUES(3, 766, '24-11-18');
INSERT INTO hospitals_medics VALUES(4, 766, '24-11-18');
INSERT INTO hospitals_medics VALUES(12, 767, '24-11-18');
INSERT INTO hospitals_medics VALUES(36, 767, '24-11-18');
INSERT INTO hospitals_medics VALUES(7, 768, '24-11-18');
INSERT INTO hospitals_medics VALUES(42, 768, '24-11-18');
INSERT INTO hospitals_medics VALUES(23, 769, '24-11-18');
INSERT INTO hospitals_medics VALUES(33, 769, '24-11-18');
INSERT INTO hospitals_medics VALUES(9, 770, '24-11-18');
INSERT INTO hospitals_medics VALUES(19, 770, '24-11-18');
INSERT INTO hospitals_medics VALUES(8, 771, '24-11-18');
INSERT INTO hospitals_medics VALUES(27, 771, '24-11-18');
INSERT INTO hospitals_medics VALUES(17, 772, '24-11-18');
INSERT INTO hospitals_medics VALUES(41, 772, '24-11-18');
INSERT INTO hospitals_medics VALUES(1, 773, '24-11-18');
INSERT INTO hospitals_medics VALUES(41, 773, '24-11-18');
INSERT INTO hospitals_medics VALUES(18, 774, '24-11-18');
INSERT INTO hospitals_medics VALUES(41, 774, '24-11-18');
INSERT INTO hospitals_medics VALUES(21, 775, '24-11-18');
INSERT INTO hospitals_medics VALUES(39, 775, '24-11-18');

INSERT INTO migrations (migration_name) VALUES ('create_db');